postcode,eastings,northings,latitude,longitude
AL1,515800,206900,51.74836,-0.32237
AL10,522200,208300,51.75958,-0.2292
AL2,515100,203800,51.72064,-0.33353
AL3,512400,210100,51.77781,-0.37057
AL4,517700,209500,51.77133,-0.29398
AL5,513600,214400,51.81622,-0.35177
AL6,524200,216300,51.83104,-0.19737
AL7,525100,212500,51.79669,-0.18569
AL8,523500,213200,51.80334,-0.20863
AL9,524400,206700,51.74472,-0.19791
B1,406300,286800,52.47872,-1.90723
B10,410100,285800,52.46967,-1.8513
B11,409600,284100,52.4544,-1.85871
B12,408000,284700,52.45982,-1.88225
B13,408300,282100,52.43644,-1.8779
B14,407600,280000,52.41757,-1.88824
B15,405200,285400,52.46615,-1.92345
B16,404500,286500,52.47604,-1.93374
B17,402700,284800,52.46077,-1.96026
B18,405200,288200,52.49132,-1.92341
B19,406500,288800,52.4967,-1.90425
B2,407000,286800,52.47871,-1.89692
B20,405600,290700,52.51379,-1.91747
B21,404100,289900,52.50661,-1.93959
B23,409900,292300,52.52812,-1.85405
B24,411700,291300,52.51909,-1.82755
B25,412200,285300,52.46513,-1.8204
B26,414300,284800,52.46059,-1.78951
B27,412100,283000,52.44446,-1.82196
B28,410800,281000,52.4265,-1.84115
B29,403600,282200,52.43739,-1.94704
B3,406700,287000,52.48051,-1.90134
B30,404900,280500,52.42209,-1.92794
B31,401900,278900,52.40772,-1.97207
B32,400500,283400,52.44819,-1.99264
B33,414500,287000,52.48036,-1.78647
B34,414900,288700,52.49564,-1.78051
B35,414400,291300,52.51903,-1.78776
B36,415000,289600,52.50373,-1.77899
B37,417600,286800,52.47847,-1.74083
B38,404500,278000,52.39962,-1.93385
B4,407200,287200,52.48231,-1.89397
B40,418900,284600,52.45865,-1.72181
B42,406000,292900,52.53357,-1.91154
B43,404800,294500,52.54797,-1.92921
B44,407900,294200,52.54523,-1.88349
B45,399400,276700,52.38795,-2.00882
B46,420800,290100,52.50803,-1.69351
B47,408200,276600,52.38699,-1.8795
B48,403500,273100,52.35557,-1.9486
B49,409100,257700,52.21704,-1.86679
B5,407100,285800,52.46972,-1.89547
B50,410000,252300,52.16847,-1.85377
B6,407800,289600,52.50388,-1.88508
B60,396600,269800,52.3259,-2.04989
B61,395400,271900,52.34477,-2.06753
B62,397800,284300,52.45628,-2.03238
B63,395500,283800,52.45177,-2.06622
B64,395400,286100,52.47244,-2.06773
B65,397100,287300,52.48325,-2.04271
B66,402400,288400,52.49314,-1.96465
B67,401600,287600,52.48595,-1.97644
B68,400000,286800,52.47876,-2
B69,398100,289400,52.50213,-2.02799
B7,408700,288400,52.49307,-1.87185
B70,399800,291400,52.52012,-2.00295
B71,400700,293100,52.5354,-1.98968
B72,412100,294900,52.55145,-1.82153
B73,410700,295000,52.55238,-1.84217
B74,409600,298400,52.58297,-1.8583
B75,413000,297900,52.5784,-1.80813
B76,414500,294200,52.5451,-1.78616
B77,422500,302400,52.61855,-1.66762
B78,422100,301000,52.60598,-1.67362
B79,421600,305900,52.65005,-1.68069
B8,410800,288100,52.49034,-1.84092
B80,407100,264300,52.27641,-1.89593
B9,410300,286700,52.47776,-1.84833
B90,412000,278100,52.4004,-1.82361
B91,414800,279600,52.41382,-1.78238
B92,415400,282100,52.43628,-1.77345
B93,417500,275900,52.38048,-1.74288
B94,414200,272600,52.3509,-1.7915
B95,415000,265300,52.28524,-1.78008
B96,402700,261600,52.25217,-1.96044
B97,403100,266800,52.29893,-1.95454
B98,405900,267300,52.3034,-1.91346
BA1,375000,165900,51.39109,-2.35934
BA10,368800,135000,51.11291,-2.44576
BA11,377300,148700,51.23652,-2.32519
BA12,386900,141400,51.17117,-2.1874
BA13,387500,151500,51.26201,-2.17917
BA14,386000,157800,51.31863,-2.20092
BA15,381600,161400,51.35088,-2.26425
BA16,348000,136500,51.12489,-2.74313
BA2,373800,162400,51.35957,-2.37633
BA20,354900,115600,50.93753,-2.64193
BA21,355500,117100,50.95107,-2.63358
BA22,355300,119000,50.96814,-2.63666
BA3,367000,153000,51.27468,-2.47313
BA4,362900,141500,51.17102,-2.53073
BA5,354400,146200,51.21266,-2.65291
BA6,350700,138200,51.14042,-2.70478
BA7,363700,132300,51.08833,-2.51835
BA8,371200,122300,50.99883,-2.41046
BA9,371300,128800,51.05729,-2.40955
BB1,369500,429000,53.75625,-2.46265
BB10,385600,433700,53.79919,-2.21865
BB11,383400,431900,53.78294,-2.25196
BB12,380900,434200,53.80353,-2.29005
BB18,388800,446500,53.91433,-2.17053
BB2,367000,427400,53.74171,-2.50039
BB3,369300,422500,53.69781,-2.46503
BB4,380900,423100,53.70376,-2.28936
BB5,375500,428800,53.75477,-2.37162
BB6,372600,433000,53.79238,-2.41598
BB7,374600,442000,53.87338,-2.38636
BB8,389300,440200,53.85771,-2.1627
BB9,385900,437900,53.83695,-2.21429
BD1,416300,433300,53.79554,-1.75252
BD10,418100,437300,53.83143,-1.72496
BD11,421400,428400,53.75131,-1.67543
BD12,415800,427800,53.74611,-1.76039
BD13,409300,432200,53.78582,-1.85883
BD14,412100,431800,53.78217,-1.81635
BD15,410800,434800,53.80917,-1.83597
BD16,411000,439200,53.84871,-1.83278
BD17,415300,439000,53.84681,-1.76742
BD18,414700,437300,53.83154,-1.77662
BD19,419000,425700,53.72713,-1.712
BD2,417500,435400,53.81438,-1.73418
BD20,403500,444500,53.89646,-1.94673
BD21,406200,440900,53.86407,-1.90571
BD22,403100,438800,53.84522,-1.95288
BD23,396500,455200,53.99264,-2.05339
BD24,382100,464700,54.07773,-2.27361
BD3,418000,433600,53.79818,-1.72669
BD4,418600,431100,53.77569,-1.71773
BD5,416000,431400,53.77847,-1.75717
BD6,414300,429800,53.76414,-1.78305
BD7,414400,431900,53.78301,-1.78143
BD8,414400,433900,53.80099,-1.78134
BD9,413900,435100,53.81179,-1.78888
BH1,409900,91700,50.72427,-1.85973
BH10,407700,95500,50.75847,-1.89082
BH11,405900,95800,50.76119,-1.91634
BH12,405200,93100,50.73692,-1.9263
BH13,405800,90100,50.70993,-1.91785
BH14,404000,91400,50.72164,-1.94333
BH15,401100,91400,50.72165,-1.98442
BH16,396900,93200,50.73783,-2.04394
BH17,401800,94100,50.74593,-1.97449
BH18,400500,95500,50.75853,-1.99291
BH19,402200,79100,50.61102,-1.9689
BH2,408400,91400,50.72159,-1.88099
BH20,389700,87500,50.68648,-2.14582
BH21,401900,101500,50.81248,-1.97303
BH22,407900,100700,50.80524,-1.88787
BH23,417400,94100,50.74567,-1.75335
BH24,415100,105000,50.84377,-1.78551
BH25,424200,94800,50.75173,-1.65692
BH3,408500,92900,50.73508,-1.87954
BH31,409000,108500,50.87537,-1.87207
BH4,407200,91300,50.72071,-1.89799
BH5,411700,91800,50.72513,-1.83422
BH6,413800,92000,50.72688,-1.80446
BH7,411900,92900,50.73502,-1.83135
BH8,410500,93500,50.74044,-1.85118
BH9,409100,94500,50.74946,-1.871
BL0,379200,416600,53.64526,-2.31468
BL1,370600,410500,53.59002,-2.44421
BL2,373900,410200,53.58749,-2.39432
BL3,371400,407700,53.56489,-2.43186
BL4,373500,405700,53.54702,-2.39999
BL5,365900,406000,53.54928,-2.51473
BL6,364300,410700,53.59142,-2.53941
BL7,372100,414900,53.62965,-2.42194
BL8,378400,412100,53.60478,-2.32647
BL9,381100,410600,53.5914,-2.28557
BN1,531100,106100,50.839,-0.13786
BN10,541100,101500,50.7953,0.00232
BN11,514400,102800,50.81288,-0.37599
BN12,511000,102800,50.81354,-0.42423
BN13,512300,104700,50.83037,-0.40521
BN14,514100,104900,50.83181,-0.37959
BN15,518000,104800,50.83013,-0.32426
BN16,506100,102800,50.81446,-0.49377
BN17,503200,102700,50.81408,-0.53495
BN18,500000,106500,50.84881,-0.57933
BN2,533600,104500,50.82405,-0.10296
BN20,559000,99700,50.77449,0.25536
BN21,560500,99500,50.77228,0.27653
BN22,561000,101300,50.78832,0.2844
BN23,563000,102400,50.79764,0.31325
BN24,564200,104500,50.81618,0.3312
BN25,548700,99600,50.77633,0.10932
BN26,556600,104800,50.82098,0.22352
BN27,559300,110500,50.87146,0.2643
BN3,528500,105500,50.83419,-0.17498
BN41,525700,106100,50.8402,-0.21452
BN42,524500,105700,50.83686,-0.23169
BN43,522100,105500,50.83557,-0.26583
BN44,518000,111500,50.89036,-0.3221
BN45,527700,111600,50.8892,-0.18421
BN5,521700,115600,50.92645,-0.26815
BN6,529800,116100,50.92918,-0.15276
BN7,540700,110600,50.87719,0.00014
BN8,544200,114700,50.91318,0.05148
BN9,544500,101600,50.79536,0.05058
BR1,540600,170000,51.41107,0.02192
BR2,540700,167500,51.38858,0.02237
BR3,537000,169000,51.40297,-0.0302
BR4,538700,166000,51.37559,-0.00695
BR5,546400,167800,51.38983,0.10436
BR6,545700,165100,51.36575,0.0932
BR7,544100,170000,51.41019,0.07222
BR8,551400,168800,51.39751,0.1766
BS1,358800,172900,51.45309,-2.593
BS10,357700,178800,51.50606,-2.60954
BS11,353200,177800,51.49672,-2.67425
BS13,357500,168300,51.41163,-2.61116
BS14,361000,168400,51.41278,-2.56084
BS15,364900,173500,51.4589,-2.50527
BS16,364600,176400,51.48496,-2.50988
BS2,359700,173600,51.45945,-2.58013
BS20,347800,175900,51.47916,-2.75176
BS21,341000,171000,51.43443,-2.84886
BS22,335300,162800,51.36008,-2.92936
BS23,332400,160900,51.34266,-2.97065
BS24,335100,159200,51.32769,-2.93158
BS25,342500,158300,51.32039,-2.82522
BS26,340400,153800,51.27971,-2.85461
BS27,346300,152800,51.27131,-2.76987
BS28,343200,147700,51.22515,-2.81349
BS29,338900,159500,51.33081,-2.87709
BS3,358200,171200,51.43776,-2.60144
BS30,367200,171900,51.44465,-2.47201
BS31,365800,167800,51.4077,-2.49176
BS32,361200,182800,51.54228,-2.55955
BS34,360900,180700,51.52338,-2.56364
BS35,362000,188800,51.59629,-2.54866
BS36,366300,180900,51.52553,-2.48582
BS37,371100,182400,51.53928,-2.41675
BS39,363000,158900,51.32749,-2.53109
BS4,361000,170800,51.43437,-2.56111
BS40,351900,161100,51.34644,-2.69071
BS41,354700,169500,51.42221,-2.65158
BS48,348000,169900,51.42523,-2.748
BS49,343100,164900,51.3798,-2.81767
BS5,361800,173800,51.4614,-2.54992
BS6,358400,174800,51.47015,-2.59898
BS7,359700,176600,51.48643,-2.58047
BS8,356900,173400,51.45745,-2.62041
BS9,356600,176700,51.4871,-2.62513
BS99,360200,173400,51.45769,-2.57291
CA1,341600,554900,54.88535,-2.91046
CA10,357400,524200,54.61104,-2.65966
CA11,349300,530200,54.66422,-2.78611
CA12,326800,523600,54.60214,-3.13326
CA13,311900,530300,54.65997,-3.36589
CA14,300800,527700,54.63454,-3.53704
CA15,304600,536200,54.71165,-3.48096
CA16,368800,520000,54.57413,-2.48269
CA17,377300,509300,54.47841,-2.35037
CA18,309700,496300,54.35408,-3.38958
CA19,310200,499900,54.38651,-3.38297
CA2,339100,554800,54.88415,-2.9494
CA20,305200,502600,54.40987,-3.46081
CA21,301800,506600,54.44516,-3.51451
CA22,300800,510500,54.48001,-3.53123
CA23,303400,514300,54.51465,-3.49236
CA24,300200,514400,54.51493,-3.54181
CA25,301800,515200,54.52243,-3.51737
CA26,304200,517600,54.54445,-3.48108
CA27,296900,511800,54.49091,-3.59186
CA28,298000,517600,54.54324,-3.57689
CA3,339800,557400,54.9076,-2.93904
CA4,346500,550500,54.84636,-2.83326
CA5,334800,551600,54.85485,-3.0157
CA6,342900,567000,54.99423,-2.8926
CA7,320500,546500,54.80696,-3.23702
CA8,356100,560700,54.93895,-2.68531
CA9,373100,545300,54.80176,-2.4185
CB1,549700,255400,52.17611,0.18955
CB10,555400,239300,52.02989,0.26551
CB11,552000,235800,51.99938,0.21443
CB2,545900,253800,52.16276,0.13333
CB21,557100,250712,52.13194,0.29553
CB22,545719,249835,52.12718,0.12898
CB23,535114,259140,52.21349,-0.02215
CB24,538196,270565,52.31538,0.02762
CB25,552595,264917,52.26083,0.23615
CB3,538300,259200,52.21324,0.02448
CB4,544400,262700,52.24312,0.11521
CB5,550900,262400,52.23868,0.21021
CB6,551300,280800,52.40388,0.22434
CB7,558000,276800,52.36606,0.32087
CB8,565700,262000,52.23083,0.42659
CB9,567300,245500,52.08212,0.44187
CH1,339400,367600,53.20173,-2.90732
CH2,342000,369200,53.2164,-2.86869
CH3,345100,363600,53.1664,-2.8213
CH4,337300,363900,53.16823,-2.93803
CH41,331500,389100,53.39402,-3.03022
CH42,332100,386900,53.37433,-3.02073
CH43,329600,387900,53.38299,-3.05853
CH44,331100,391500,53.41554,-3.03676
CH45,330200,392900,53.42801,-3.05061
CH46,326200,390200,53.40319,-3.11018
CH47,322300,389500,53.39634,-3.16866
CH48,322200,386700,53.37116,-3.16947
CH49,326700,387700,53.38079,-3.10208
CH5,330500,368000,53.20424,-3.04064
CH6,323600,373200,53.25003,-3.14518
CH60,327100,381600,53.32602,-3.09466
CH61,326700,384000,53.34754,-3.10122
CH62,334700,382400,53.33421,-2.98072
CH63,332700,383600,53.34474,-3.01101
CH64,330200,377300,53.28779,-3.04717
CH65,339900,376000,53.27729,-2.90142
CH66,337700,376000,53.27704,-2.93442
CH7,324300,364200,53.16924,-3.13256
CH8,317300,376800,53.28144,-3.24053
CM0,596200,199800,51.66221,0.83719
CM1,569600,208000,51.74454,0.45694
CM11,569300,194500,51.62335,0.44605
CM12,567200,194900,51.62757,0.41593
CM13,561900,193400,51.61564,0.33872
CM14,558700,193600,51.61835,0.29263
CM15,559500,196400,51.64328,0.30545
CM16,546600,202300,51.69981,0.12161
CM17,548000,210200,51.77043,0.14522
CM18,545400,208500,51.75584,0.10685
CM19,543200,208900,51.76,0.07515
CM2,571800,205500,51.72141,0.48754
CM20,545200,210600,51.77476,0.10483
CM21,548000,214800,51.81177,0.14718
CM22,553000,220500,51.86164,0.22218
CM23,548700,221500,51.87178,0.16021
CM24,551800,224600,51.8988,0.20657
CM3,578500,205500,51.71932,0.58445
CM4,565400,200000,51.67392,0.39235
CM5,555300,204900,51.72083,0.24857
CM6,562900,222500,51.8768,0.36678
CM7,574600,225200,51.89752,0.53797
CM77,574000,221200,51.86224,0.52554
CM8,581900,215200,51.80536,0.6387
CM9,586500,208200,51.74097,0.70159
CO1,600200,225200,51.88891,0.9096
CO10,586700,243400,52.05706,0.72355
CO11,611600,231500,51.94126,1.0789
CO12,623700,230900,51.93115,1.25427
CO13,623100,220500,51.83802,1.23884
CO14,625100,221900,51.84979,1.26873
CO15,617600,215600,51.7962,1.15605
CO16,615400,218200,51.82039,1.1258
CO2,599300,223000,51.86947,0.89527
CO3,597000,224600,51.88466,0.86281
CO4,601100,227200,51.90654,0.92383
CO5,594500,216700,51.81459,0.82209
CO6,591800,228800,51.92419,0.78968
CO7,606800,224900,51.8838,1.0052
CO8,590100,234200,51.97328,0.76797
CO9,579300,233300,51.96878,0.61043
CR0,534000,165500,51.37223,-0.07463
CR2,533700,163000,51.34983,-0.07988
CR3,533900,156000,51.28687,-0.07964
CR4,528100,168900,51.40415,-0.15813
CR5,529700,158700,51.31211,-0.13886
CR6,535800,158400,51.30799,-0.05149
CR7,532000,168000,51.39517,-0.10242
CR8,531600,161400,51.33594,-0.11061
CR9,534000,165500,51.37223,-0.07463
CT1,615300,157700,51.27719,1.08733
CT10,638800,168200,51.36208,1.43073
CT11,637800,165200,51.33557,1.41438
CT12,634900,165800,51.34216,1.37322
CT13,632300,157300,51.26692,1.33042
CT14,636500,151800,51.21582,1.38689
CT15,629500,146500,51.17109,1.28343
CT16,631000,143100,51.13996,1.30267
CT17,630600,141800,51.12845,1.29613
CT18,620500,139800,51.11447,1.15078
CT19,622000,136900,51.08785,1.1704
CT2,614900,159400,51.29261,1.08262
CT20,621700,135900,51.07899,1.16551
CT21,615600,134900,51.07233,1.07795
CT3,624000,158100,51.27743,1.21213
CT4,614200,151800,51.22462,1.06805
CT5,611400,166000,51.35318,1.03641
CT6,617900,167500,51.3642,1.13054
CT7,629700,168800,51.37122,1.30062
CT8,632500,169900,51.37996,1.3415
CT9,635900,170400,51.38304,1.3906
CV1,433600,279200,52.40939,-1.506
CV10,433900,292100,52.52535,-1.50028
CV11,437100,291400,52.51885,-1.45318
CV12,435800,286400,52.47399,-1.47288
CV13,439700,301800,52.61217,-1.41362
CV2,436400,280700,52.4227,-1.46467
CV21,449400,274700,52.36774,-1.27438
CV22,448600,273300,52.35522,-1.28633
CV23,447100,274000,52.36165,-1.30826
CV3,435300,277400,52.3931,-1.48119
CV31,432500,264600,52.27819,-1.52358
CV32,432000,266600,52.2962,-1.53072
CV33,435200,262300,52.25735,-1.48424
CV34,428700,265100,52.2829,-1.57924
CV35,427700,259100,52.229,-1.5944
CV36,425700,241100,52.06726,-1.62504
CV37,419600,254200,52.1853,-1.71328
CV4,429600,277900,52.39794,-1.56492
CV47,442000,259700,52.23349,-1.38494
CV5,430600,279500,52.41227,-1.55008
CV6,433500,281700,52.43188,-1.50722
CV7,429700,283000,52.44378,-1.563
CV8,431100,272700,52.3511,-1.54336
CV9,429900,298700,52.58493,-1.55864
CW1,370900,356300,53.10281,-2.43469
CW10,370200,365900,53.18907,-2.44604
CW11,375600,360700,53.1426,-2.36482
CW12,385900,363100,53.16455,-2.21093
CW2,370100,353900,53.08119,-2.44642
CW3,372800,344800,52.99952,-2.40534
CW4,376800,367800,53.20648,-2.34739
CW5,365100,351800,53.062,-2.52084
CW6,355500,363000,53.16197,-2.66565
CW7,364800,366100,53.19054,-2.52688
CW8,362400,373100,53.2533,-2.56363
CW9,366600,373700,53.25897,-2.50074
DA1,553500,174300,51.44637,0.20915
DA10,560400,174300,51.44445,0.30837
DA11,563600,173300,51.43455,0.35392
DA12,566000,172600,51.42757,0.38809
DA13,563900,167500,51.38235,0.35555
DA14,546900,171700,51.42475,0.11316
DA15,545900,173400,51.44029,0.09948
DA16,546500,176100,51.4644,0.10923
DA17,549200,178700,51.48706,0.14917
DA18,548800,179200,51.49165,0.14363
DA2,555300,172700,51.4315,0.23433
DA3,560700,167600,51.38417,0.30965
DA4,555300,168200,51.39106,0.23236
DA5,549200,173500,51.44033,0.14698
DA6,548700,175100,51.45484,0.14046
DA7,549100,176300,51.46552,0.14672
DA8,551200,177500,51.47574,0.17745
DA9,558400,174600,51.44771,0.27975
DD1,339800,730300,56.4611,-2.97702
DD10,373900,761800,56.74724,-2.4268
DD11,363300,742500,56.57312,-2.59738
DD2,336700,731300,56.46968,-3.02756
DD3,339100,732700,56.48257,-2.98894
DD4,342400,732600,56.48209,-2.93534
DD5,346900,732100,56.47812,-2.86217
DD6,342900,727600,56.43723,-2.92612
DD7,355800,734800,56.5033,-2.71814
DD8,343500,752000,56.6565,-2.92171
DD9,359200,762000,56.74798,-2.6672
DE1,435300,336000,52.91994,-1.47492
DE11,430100,319700,52.77372,-1.55377
DE12,430200,314300,52.72516,-1.55279
DE13,421000,323400,52.80741,-1.68844
DE14,424300,323100,52.80457,-1.6395
DE15,426400,322500,52.79908,-1.6084
DE21,438200,337500,52.93322,-1.43161
DE22,433900,337500,52.93351,-1.49559
DE23,434000,333900,52.90114,-1.49448
DE24,436900,332700,52.89016,-1.4515
DE3,430900,334700,52.90852,-1.54049
DE4,429200,359000,53.12707,-1.56357
DE45,421600,368700,53.21464,-1.6765
DE5,440100,349900,53.04456,-1.4018
DE55,442100,356200,53.10104,-1.37114
DE56,435300,347300,53.02152,-1.47369
DE6,419000,344100,52.99358,-1.7169
DE65,426300,330000,52.86651,-1.60927
DE7,445600,341900,52.9722,-1.32089
DE72,443100,333100,52.8933,-1.35929
DE73,438000,327900,52.84694,-1.43571
DE74,445200,327600,52.84368,-1.32884
DE75,443400,346400,53.01284,-1.35305
DG1,299100,576600,55.07353,-3.58045
DG10,308800,603800,55.31977,-3.43735
DG11,314800,580700,55.11331,-3.33584
DG12,320000,566800,54.98928,-3.25044
DG13,334500,587000,55.17291,-3.02849
DG14,337100,576700,55.08069,-2.98539
DG16,331700,567500,54.99731,-3.06777
DG2,294200,575700,55.06442,-3.65683
DG3,285600,595100,55.23678,-3.79927
DG4,276300,610800,55.37555,-3.95236
DG5,284000,560100,54.92201,-3.81016
DG6,268000,551100,54.83721,-4.05555
DG7,271200,565500,54.96738,-4.01219
DG8,238600,556000,54.87259,-4.51567
DG9,206200,557900,54.87815,-5.02123
DH1,427900,543000,54.78103,-1.56616
DH2,425900,551700,54.85933,-1.59648
DH3,427800,553100,54.87181,-1.56675
DH4,432700,551200,54.85444,-1.4906
DH5,435100,547800,54.82372,-1.45363
DH6,434500,539900,54.75276,-1.46391
DH7,421600,543900,54.78943,-1.66406
DH8,410000,551200,54.85541,-1.84422
DH9,418800,552600,54.86773,-1.70704
DL1,430000,515100,54.53016,-1.53637
DL10,420100,502100,54.41381,-1.69025
DL11,408100,504800,54.43841,-1.8751
DL12,401000,519700,54.57239,-1.98453
DL13,403000,535700,54.71619,-1.95343
DL14,420000,528600,54.65199,-1.68999
DL15,417500,535000,54.7096,-1.72836
DL16,425500,533800,54.69848,-1.60429
DL17,429600,531900,54.68118,-1.54086
DL2,425800,514900,54.5286,-1.6013
DL3,427800,515300,54.53209,-1.57035
DL4,423000,526200,54.63029,-1.64368
DL5,427400,524800,54.61749,-1.57565
DL6,439700,497400,54.37042,-1.38885
DL7,433500,493700,54.33761,-1.48471
DL8,414000,488600,54.29267,-1.78489
DL9,418900,497800,54.37521,-1.70902
DN1,457700,403200,53.52205,-1.1296
DN10,470200,392800,53.42705,-0.94339
DN11,460900,395400,53.45158,-1.08284
DN12,451700,398800,53.48313,-1.22082
DN14,470200,424000,53.70747,-0.93638
DN15,489300,414000,53.61469,-0.64994
DN16,490100,408800,53.56782,-0.63935
DN17,486000,409200,53.5721,-0.70114
DN18,502600,421600,53.68055,-0.44643
DN19,508400,422100,53.68387,-0.35847
DN2,459500,404400,53.53264,-1.10222
DN20,499000,407800,53.55723,-0.50531
DN21,486300,392200,53.41927,-0.70129
DN22,471500,381300,53.32352,-0.92643
DN3,462400,405900,53.54578,-1.05817
DN31,526700,409900,53.57014,-0.08648
DN32,527900,409100,53.56266,-0.06869
DN33,526100,406500,53.53974,-0.09691
DN34,525100,408400,53.55705,-0.11123
DN35,530100,408300,53.55494,-0.03583
DN36,530200,403400,53.51089,-0.03636
DN37,523600,406500,53.54033,-0.13461
DN38,506500,408400,53.56115,-0.39192
DN39,510200,414700,53.617,-0.33385
DN4,458300,401400,53.50581,-1.12088
DN40,517500,415300,53.6208,-0.22331
DN41,519500,411200,53.58351,-0.19466
DN5,454900,404900,53.53763,-1.17153
DN6,454500,411400,53.5961,-1.17643
DN7,465200,409900,53.58139,-1.01508
DN8,469100,413600,53.61415,-0.95535
DN9,473400,401700,53.50661,-0.89316
DT1,368900,90300,50.71093,-2.44052
DT10,376600,115400,50.93702,-2.33306
DT11,387300,106900,50.86091,-2.18047
DT2,368000,94600,50.74955,-2.45365
DT3,367000,82500,50.64067,-2.46674
DT4,367200,79000,50.60921,-2.4636
DT5,368800,72100,50.54724,-2.44041
DT6,345300,93600,50.73886,-2.77528
DT7,333200,92600,50.7286,-2.94657
DT8,346600,102200,50.81632,-2.7581
DT9,363800,115900,50.94086,-2.51529
DY1,393500,291000,52.51648,-2.0958
DY10,384700,276500,52.38594,-2.22483
DY11,382300,276400,52.38496,-2.26009
DY12,377600,276500,52.38569,-2.32916
DY13,380900,271000,52.33637,-2.28035
DY14,368500,275900,52.37985,-2.46282
DY2,394500,288800,52.49671,-2.08102
DY3,391300,292500,52.52994,-2.12826
DY4,396400,292800,52.53269,-2.05308
DY5,391700,287000,52.48049,-2.12223
DY6,388900,289000,52.49842,-2.16353
DY7,384800,285400,52.46596,-2.22376
DY8,389500,284700,52.45978,-2.15455
DY9,391700,282000,52.43554,-2.1221
E1,534700,181700,51.51766,-0.05841
E10,537800,187400,51.56814,-0.01153
E11,539600,187400,51.56769,0.01443
E12,542400,185500,51.54992,0.05404
E13,540600,182900,51.527,0.02705
E14,537500,180500,51.5062,-0.01855
E15,538900,184200,51.53911,0.00307
E16,540600,181100,51.51083,0.02633
E17,537300,189400,51.58623,-0.01796
E18,540400,190100,51.59176,0.02705
E1W,534800,180600,51.50775,-0.05739
E2,534500,183000,51.52939,-0.0608
E3,537000,182900,51.52789,-0.02482
E4,538200,193400,51.62196,-0.00339
E5,535000,186300,51.55893,-0.05233
E6,542600,182800,51.5256,0.05583
E7,540600,185100,51.54678,0.02793
E8,534300,184400,51.54202,-0.06315
E9,535700,184500,51.54258,-0.04293
EC1,531700,182200,51.52286,-0.10144
EC1A,531600,181900,51.52019,-0.103
EC1M,531700,182000,51.52106,-0.10152
EC1N,531300,181900,51.52026,-0.10732
EC1R,531300,182400,51.52475,-0.10713
EC1V,532000,182500,51.52549,-0.09701
EC1Y,532300,182200,51.52272,-0.0928
EC2,532600,181900,51.51995,-0.08859
EC2A,532800,182200,51.5226,-0.0856
EC2M,532800,181700,51.51811,-0.08578
EC2N,532800,181500,51.51631,-0.08586
EC2P,532378,181476,51.5167,-0.09356
EC2R,532400,181500,51.5164,-0.09162
EC2V,532300,181400,51.51553,-0.0931
EC2Y,532100,181900,51.52007,-0.09579
EC3,533000,181200,51.51357,-0.08309
EC3A,533100,181400,51.51534,-0.08158
EC3M,533000,181100,51.51267,-0.08313
EC3N,533300,181100,51.5126,-0.07881
EC3P,531700,181900,51.52016,-0.10156
EC3R,532900,181000,51.51179,-0.08461
EC3V,532800,181200,51.51361,-0.08597
EC4,531800,181300,51.51475,-0.10034
EC4A,531300,181400,51.51576,-0.10751
EC4M,531800,181300,51.51475,-0.10034
EC4N,532300,181300,51.51463,-0.09314
EC4R,532400,181000,51.51191,-0.09181
EC4V,531900,181100,51.51293,-0.09897
EC4Y,531300,181200,51.51397,-0.10758
EN1,533700,196800,51.6536,-0.06707
EN10,536700,206500,51.74005,-0.01992
EN11,537500,209300,51.76502,-0.00723
EN2,532000,197300,51.6585,-0.09144
EN3,535700,197400,51.65852,-0.03794
EN4,527300,196000,51.6479,-0.15983
EN5,524900,196100,51.64934,-0.19447
EN6,526000,201700,51.69942,-0.17656
EN7,533600,203100,51.71025,-0.0661
EN8,536000,201800,51.69799,-0.03189
EN9,539200,201500,51.69451,0.01427
EX1,293800,92900,50.72543,-3.50479
EX10,312100,88900,50.69252,-3.24461
EX11,309200,94900,50.74603,-3.28714
EX12,323700,90200,50.70585,-3.08066
EX13,329000,99100,50.78655,-3.00733
EX14,316200,102200,50.81272,-3.1896
EX15,305800,109500,50.87675,-3.33907
EX16,295200,114800,50.92258,-3.49122
EX17,280100,102800,50.81176,-3.70205
EX18,267300,113100,50.90155,-3.88739
EX19,259000,110600,50.87712,-4.0044
EX2,292900,91200,50.70998,-3.51705
EX20,257600,96500,50.75004,-4.01882
EX21,244400,103000,50.80507,-4.20857
EX22,233300,105900,50.82804,-4.3673
EX23,221600,105800,50.82366,-4.53323
EX24,323200,93800,50.73816,-3.08849
EX3,297000,88500,50.68645,-3.45824
EX31,255500,133900,51.08566,-4.06339
EX32,258600,132200,51.07115,-4.01849
EX33,248200,137200,51.11343,-4.16894
EX34,253100,146500,51.19829,-4.10278
EX35,272400,148800,51.2236,-3.82749
EX36,274300,125700,51.01638,-3.79224
EX37,263000,121800,50.97875,-3.95179
EX38,248900,118300,50.94376,-4.15107
EX39,242500,126300,51.01394,-4.24557
EX4,292300,93500,50.73055,-3.52621
EX5,298500,96300,50.75684,-3.43916
EX6,287200,87700,50.67744,-3.59668
EX7,295800,78000,50.59183,-3.47227
EX8,300900,82100,50.62958,-3.40133
EX9,306500,83000,50.6386,-3.32239
FY1,331200,436000,53.81551,-3.04509
FY2,331700,439300,53.84524,-3.03823
FY3,332800,436600,53.82111,-3.02092
FY4,332300,433300,53.79139,-3.02779
FY5,332900,442500,53.87415,-3.02069
FY6,335500,441800,53.86819,-2.981
FY7,332600,447200,53.91635,-3.02629
FY8,334000,428700,53.75026,-3.001
GL1,383500,218000,51.8599,-2.23962
GL10,380400,205000,51.7429,-2.28391
GL11,375400,199000,51.68875,-2.35591
GL12,373400,191900,51.62482,-2.3843
GL13,368300,199500,51.69289,-2.45867
GL14,367000,213300,51.81691,-2.47879
GL15,362000,204400,51.73656,-2.55036
GL16,357900,211000,51.79561,-2.61054
GL17,364600,217600,51.85542,-2.51405
GL18,371500,227100,51.94124,-2.41464
GL19,380300,227200,51.94252,-2.28662
GL2,381600,216500,51.84635,-2.26714
GL20,391100,233900,52.00304,-2.12966
GL3,387800,218500,51.86451,-2.17719
GL4,385100,216000,51.84196,-2.2163
GL5,384900,204500,51.73855,-2.2187
GL50,394500,222400,51.89968,-2.07995
GL51,392600,222300,51.89876,-2.10756
GL52,396000,224200,51.91588,-2.05816
GL53,395400,220300,51.88081,-2.06684
GL54,409400,222100,51.89693,-1.86338
GL55,415900,240300,52.06043,-1.76806
GL56,420300,232300,51.98836,-1.70435
GL6,386800,204100,51.735,-2.19117
GL7,407100,201600,51.71263,-1.89723
GL8,388200,193700,51.64151,-2.17054
GL9,379400,184400,51.55763,-2.29718
GU1,500200,150300,51.24255,-0.56436
GU10,484100,145000,51.1975,-0.79622
GU11,486400,150700,51.24841,-0.76194
GU12,488600,151100,51.25167,-0.73032
GU13,481100,153500,51.27436,-0.83723
GU14,486400,155600,51.29246,-0.76075
GU15,487800,160300,51.3345,-0.73952
GU16,488600,157700,51.311,-0.72868
GU17,484600,159700,51.32959,-0.78559
GU18,492600,161900,51.34813,-0.67021
GU19,491200,163100,51.35914,-0.69
GU2,498300,150500,51.24468,-0.59152
GU20,493500,164100,51.36776,-0.65671
GU21,499100,158900,51.32006,-0.57773
GU22,501100,158000,51.31162,-0.54929
GU23,504000,156400,51.29671,-0.50816
GU24,495700,159900,51.32963,-0.62625
GU25,499500,167900,51.4009,-0.56948
GU26,487800,135600,51.11243,-0.74557
GU27,489800,132200,51.08155,-0.71785
GU28,496200,122200,50.99061,-0.62915
GU29,488000,121300,50.98383,-0.74619
GU3,496100,150600,51.24596,-0.62301
GU30,483900,131300,51.07435,-0.80228
GU31,477000,122500,50.9962,-0.90263
GU32,472300,123800,51.00849,-0.96934
GU33,477700,128400,51.04915,-0.89139
GU34,471100,138300,51.13902,-0.98359
GU35,480700,135900,51.11617,-0.84692
GU4,501900,150400,51.24315,-0.53999
GU46,481800,160500,51.3372,-0.82559
GU47,484400,161700,51.34761,-0.78799
GU5,503700,145900,51.20237,-0.51551
GU51,480900,154500,51.28338,-0.83987
GU52,481100,152400,51.26447,-0.83748
GU6,506200,139100,51.14078,-0.48174
GU7,497100,144300,51.18915,-0.61039
GU8,495100,140000,51.15082,-0.64014
GU9,484300,147300,51.21815,-0.79282
HA0,517600,184900,51.55024,-0.3037
HA1,515300,188100,51.57948,-0.33581
HA2,513800,187400,51.57349,-0.35768
HA3,516400,189600,51.59274,-0.31945
HA4,510200,186900,51.56971,-0.40977
HA5,511900,189700,51.59455,-0.38436
HA6,509400,191400,51.61032,-0.41991
HA7,517200,191500,51.60965,-0.30727
HA8,519600,191700,51.61094,-0.27255
HA9,518800,185900,51.55898,-0.28606
HD1,414000,416700,53.64639,-1.78819
HD2,414900,419100,53.66794,-1.77446
HD3,411400,417400,53.65274,-1.8275
HD4,413500,414500,53.62662,-1.79585
HD5,416800,416800,53.6472,-1.74583
HD6,414400,422800,53.70121,-1.78186
HD7,408200,414200,53.62404,-1.87601
HD8,421200,411700,53.6012,-1.6796
HD9,413600,409300,53.57988,-1.79457
HG1,430600,456100,53.99983,-1.53313
HG2,431100,454700,53.98722,-1.52565
HG3,425100,459500,54.03069,-1.61676
HG4,428300,473500,54.15636,-1.5666
HG5,435600,457600,54.013,-1.45668
HP1,504400,207400,51.75509,-0.48731
HP10,489900,190900,51.60928,-0.70159
HP11,486900,192500,51.62413,-0.74451
HP12,484600,192600,51.62538,-0.77771
HP13,487100,193500,51.63309,-0.74137
HP14,481000,195100,51.64839,-0.82913
HP15,489100,196100,51.65615,-0.71182
HP16,488600,201200,51.70208,-0.71775
HP17,478000,209200,51.77558,-0.86933
HP18,470200,213300,51.81347,-0.98155
HP19,481000,214400,51.8219,-0.82464
HP2,506800,208300,51.76273,-0.45227
HP20,482500,214100,51.81898,-0.80295
HP21,482400,212700,51.80641,-0.80473
HP22,485100,212700,51.80601,-0.76558
HP23,492400,211600,51.79496,-0.66001
HP27,480800,203000,51.71944,-0.83019
HP3,505600,205400,51.73689,-0.47054
HP4,498900,208600,51.76688,-0.56663
HP5,496200,202500,51.71251,-0.60744
HP6,496900,198700,51.67823,-0.59836
HP7,496200,197200,51.66487,-0.6089
HP8,498700,194800,51.64286,-0.57344
HP9,494300,191100,51.61035,-0.63801
HR1,354100,240900,52.06415,-2.66963
HR2,346200,234900,52.0095,-2.78393
HR3,326400,244500,52.09353,-3.07446
HR4,347500,243600,52.08784,-2.76632
HR5,329800,255400,52.19196,-3.02708
HR6,347400,259700,52.23258,-2.77028
HR7,364400,254400,52.18629,-2.52079
HR8,369600,238600,52.04454,-2.44331
HR9,360000,223500,51.90816,-2.58153
HU1,509800,428700,53.74288,-0.33494
HU10,502800,429500,53.75149,-0.44078
HU11,517200,438100,53.82572,-0.21921
HU12,523300,426900,53.72369,-0.13105
HU13,503200,426500,53.72446,-0.43572
HU14,498900,426800,53.72799,-0.50078
HU15,490900,428900,53.74831,-0.62139
HU16,504100,432900,53.78179,-0.41993
HU17,503500,440100,53.8466,-0.42661
HU18,520400,447500,53.90944,-0.16692
HU19,534300,427100,53.72277,0.03566
HU2,509600,429500,53.75011,-0.33769
HU20,498000,433500,53.78836,-0.51229
HU3,507900,428500,53.74148,-0.36381
HU4,505500,427800,53.73568,-0.40043
HU5,507100,430500,53.75961,-0.37524
HU6,507500,432900,53.7811,-0.36834
HU7,510300,433800,53.7886,-0.32554
HU8,512100,431600,53.76845,-0.29903
HU9,513000,430200,53.75567,-0.28589
HX1,408600,425000,53.72111,-1.86966
HX2,406300,426800,53.73733,-1.90448
HX3,410300,425600,53.72648,-1.84387
HX4,407900,420400,53.67978,-1.88039
HX5,410900,421100,53.68601,-1.83494
HX6,405000,422400,53.69779,-1.92426
HX7,399500,427000,53.73916,-2.00758
IG1,543800,186500,51.55855,0.07463
IG10,542900,196400,51.64775,0.06569
IG11,545200,184000,51.53573,0.09378
IG2,544200,188200,51.57373,0.08109
IG3,545600,186900,51.56168,0.10074
IG4,542400,188500,51.57688,0.05525
IG5,543100,189700,51.58749,0.06584
IG6,544700,190300,51.59247,0.08917
IG7,544600,192600,51.61316,0.08867
IG8,540800,191800,51.60694,0.0335
IG9,541200,193700,51.62391,0.04004
IP1,615300,245600,52.06644,1.14151
IP10,624300,240700,52.01888,1.26939
IP11,629000,235500,51.97028,1.3343
IP12,631000,249200,52.09243,1.37262
IP13,627000,259300,52.18475,1.32107
IP14,607300,260800,52.20597,1.03423
IP15,646000,257100,52.15686,1.59688
IP16,645000,262300,52.20397,1.58604
IP17,639200,264900,52.22985,1.50316
IP18,650200,276600,52.32995,1.67259
IP19,638100,277100,52.33982,1.4957
IP2,615000,243200,52.04501,1.13563
IP20,625900,283900,52.40601,1.3215
IP21,620300,279000,52.36431,1.23608
IP22,607800,279700,52.37548,1.05319
IP23,613000,272200,52.30615,1.12472
IP24,587600,283700,52.41869,0.75903
IP25,592300,302500,52.58588,0.83892
IP26,574900,293100,52.50733,0.57739
IP27,575800,284500,52.4298,0.5861
IP28,573700,272900,52.32627,0.54924
IP29,582000,258300,52.19245,0.66303
IP3,618600,243000,52.0418,1.18792
IP30,593800,260600,52.20909,0.83679
IP31,592900,269600,52.29023,0.82877
IP32,585500,265200,52.25326,0.71797
IP33,584900,263900,52.24178,0.70848
IP4,618000,245000,52.06,1.18046
IP5,622200,245300,52.06102,1.24182
IP6,613200,252700,52.131,1.11536
IP7,602100,245300,52.06872,0.94901
IP8,611300,244900,52.06169,1.0828
IP9,616200,237200,51.99067,1.14931
KT1,518500,169000,51.40713,-0.29606
KT10,514600,164500,51.36749,-0.35357
KT11,511300,160000,51.32769,-0.40237
KT12,510900,165500,51.37721,-0.40639
KT13,508000,164400,51.36788,-0.44838
KT14,505500,161100,51.33869,-0.48526
KT15,504800,163800,51.36309,-0.49451
KT16,503400,166000,51.38312,-0.51398
KT17,522000,161700,51.34078,-0.24827
KT18,521100,159000,51.3167,-0.2621
KT19,520600,162800,51.35096,-0.26799
KT2,519000,170000,51.41602,-0.28854
KT20,523400,155600,51.28564,-0.23029
KT21,518400,158300,51.31098,-0.30106
KT22,515900,157100,51.3007,-0.33731
KT23,513700,154900,51.28137,-0.36956
KT24,509600,153400,51.26869,-0.42879
KT3,521300,168200,51.39935,-0.25609
KT4,522300,165800,51.37757,-0.24255
KT5,519200,167300,51.39171,-0.28657
KT6,518300,167000,51.3892,-0.2996
KT7,516400,167000,51.38959,-0.3269
KT8,513900,168200,51.40089,-0.36243
KT9,518200,164200,51.36405,-0.30197
L1,334900,390000,53.40254,-2.97928
L10,338500,397900,53.47398,-2.92668
L11,339300,395000,53.44801,-2.91407
L12,340600,393500,53.43467,-2.89421
L13,338900,391600,53.4174,-2.91943
L14,341600,391700,53.41861,-2.87883
L15,338900,389400,53.39763,-2.91901
L16,341000,389500,53.39876,-2.88744
L17,337500,387200,53.37769,-2.93962
L18,339700,387500,53.38064,-2.90661
L19,340000,385100,53.3591,-2.90165
L2,334300,390500,53.40696,-2.98841
L20,334400,395600,53.45281,-2.98797
L21,333700,397600,53.4707,-2.99893
L22,331900,398300,53.47676,-3.0262
L23,332200,399900,53.49118,-3.02203
L24,344300,383300,53.34339,-2.83672
L25,342600,387200,53.37827,-2.86296
L26,344600,385600,53.3641,-2.83262
L27,344300,388200,53.38744,-2.83758
L28,342600,393500,53.4349,-2.86411
L29,334800,401600,53.50679,-2.98319
L3,334600,390700,53.4088,-2.98394
L30,335600,399100,53.48442,-2.97062
L31,337900,402300,53.51346,-2.93659
L32,341000,398300,53.47786,-2.88909
L33,341900,399600,53.48965,-2.87577
L34,345900,393600,53.43614,-2.81445
L35,348000,391200,53.41478,-2.78244
L36,344200,391200,53.41439,-2.83962
L37,329600,407300,53.55735,-3.06288
L38,330400,403600,53.5242,-3.04998
L39,340700,407600,53.56142,-2.89537
L4,336200,393900,53.43775,-2.96052
L40,344400,412100,53.60227,-2.84032
L5,335200,392500,53.42505,-2.97529
L6,336900,391800,53.41896,-2.94956
L69,335300,390500,53.40709,-2.97337
L7,337000,390300,53.40549,-2.94776
L70,335500,390700,53.40891,-2.9704
L8,336000,388600,53.39009,-2.96246
L9,336800,396500,53.4612,-2.95201
LA1,347700,461500,54.04663,-2.79885
LA10,367900,491100,54.31433,-2.49348
LA11,339700,478700,54.20034,-2.92446
LA12,329400,479200,54.20351,-3.08246
LA13,321700,469800,54.11792,-3.19805
LA14,319600,469900,54.1185,-3.2302
LA15,323100,474000,54.15588,-3.1777
LA16,321600,477400,54.1862,-3.20155
LA17,323400,483200,54.2386,-3.17545
LA18,316900,480700,54.21512,-3.27448
LA19,310500,489500,54.29312,-3.37523
LA2,355900,463500,54.06537,-2.6739
LA20,321600,489400,54.29404,-3.20469
LA21,330300,497100,54.3645,-3.07283
LA22,336000,503500,54.42276,-2.98649
LA23,340800,497700,54.37122,-2.91136
LA3,342600,462000,54.05058,-2.87683
LA4,344300,464100,54.06964,-2.85125
LA5,348400,472200,54.14287,-2.78998
LA6,360100,475700,54.17537,-2.61134
LA7,349700,481400,54.22568,-2.77162
LA8,350600,492300,54.32373,-2.75961
LA9,351700,492500,54.32563,-2.74273
LE1,459000,304400,52.63379,-1.12812
LE10,442900,293400,52.53641,-1.36744
LE11,452900,319400,52.76927,-1.21584
LE12,454500,319100,52.76641,-1.19217
LE13,475200,319300,52.76572,-0.88536
LE14,474500,321300,52.7838,-0.89527
LE15,487900,307300,52.65594,-0.70037
LE16,475200,288200,52.48616,-0.89244
LE17,455900,285800,52.4669,-1.17706
LE18,460200,298800,52.58332,-1.11141
LE19,453600,298000,52.57718,-1.21047
LE2,459900,301700,52.60942,-1.11531
LE3,455500,303800,52.62876,-1.17993
LE4,459300,307700,52.66342,-1.12309
LE5,461900,304700,52.63616,-1.08521
LE6,451300,307500,52.66244,-1.24141
LE65,435900,316900,52.74819,-1.4681
LE67,443200,313400,52.71619,-1.36041
LE7,463000,309300,52.67739,-1.06808
LE8,461200,295400,52.55264,-1.09728
LE9,448300,297200,52.57012,-1.28728
LN1,494300,374500,53.25883,-0.58621
LN10,519200,363900,53.15858,-0.21703
LN11,534700,388200,53.3732,0.02496
LN12,550900,383800,53.3293,0.2662
LN13,545700,376500,53.26518,0.18482
LN2,499500,374100,53.25429,-0.5084
LN3,505500,373000,53.24325,-0.41885
LN4,508000,362700,53.15018,-0.38489
LN5,496500,364800,53.17126,-0.55617
LN6,493900,368300,53.20319,-0.59403
LN7,509900,400800,53.49216,-0.34327
LN8,511500,387600,53.37321,-0.32384
LN9,526100,370600,53.21719,-0.11124
LS1,429800,433500,53.79674,-1.54754
LS10,430900,429600,53.76162,-1.53123
LS11,429300,431200,53.77609,-1.55535
LS12,426600,432800,53.79062,-1.59618
LS13,424100,435000,53.81052,-1.63396
LS14,435800,437000,53.82782,-1.45604
LS15,436600,434600,53.80619,-1.44417
LS16,426200,439500,53.85086,-1.60169
LS17,431100,440500,53.85958,-1.52709
LS18,423600,438300,53.8402,-1.6413
LS19,420900,440400,53.8592,-1.6822
LS2,429900,434000,53.80123,-1.54597
LS20,418900,442000,53.87365,-1.71251
LS21,421100,446200,53.91132,-1.67876
LS22,439800,448600,53.93179,-1.39375
LS23,442400,445500,53.90372,-1.35458
LS24,449200,441800,53.86987,-1.25168
LS25,444100,432400,53.78584,-1.33059
LS26,436400,428600,53.75227,-1.44791
LS27,426200,428100,53.74839,-1.60266
LS28,421800,434000,53.80163,-1.66897
LS29,412900,447200,53.92058,-1.80356
LS3,429000,434000,53.80128,-1.55964
LS4,427600,434900,53.80944,-1.58082
LS5,426200,435900,53.81851,-1.60199
LS6,428500,436000,53.81928,-1.56704
LS7,430300,435900,53.81828,-1.53971
LS8,432300,436600,53.82445,-1.50926
LS9,432400,433800,53.79928,-1.50803
LU1,508500,220800,51.87476,-0.42373
LU2,510400,222700,51.89147,-0.39553
LU3,507100,224500,51.90829,-0.44291
LU4,505500,223400,51.89871,-0.4665
LU5,502300,224400,51.90829,-0.5127
LU6,500800,220900,51.87711,-0.53552
LU7,491900,224300,51.90921,-0.66388
M1,384400,397900,53.47734,-2.23508
M11,388100,398000,53.47834,-2.17933
M12,386600,396500,53.46482,-2.20187
M13,385800,396000,53.4603,-2.21389
M14,385100,394600,53.4477,-2.22437
M15,383400,396600,53.46563,-2.25008
M16,382500,395400,53.45481,-2.26357
M17,378900,397000,53.46906,-2.31789
M18,388800,396100,53.46127,-2.16871
M19,387100,393400,53.43696,-2.19421
M2,383900,398200,53.48003,-2.24263
M20,384700,392100,53.42521,-2.23027
M21,382000,393500,53.43771,-2.27099
M22,382800,387700,53.3856,-2.25863
M23,380900,389200,53.39902,-2.28729
M24,387000,406100,53.55113,-2.19624
M25,381800,403600,53.5285,-2.27459
M26,377900,407300,53.56161,-2.33369
M27,377700,401800,53.51216,-2.33631
M28,373700,402100,53.51467,-2.39666
M29,369700,401400,53.50816,-2.45692
M3,383400,398600,53.48361,-2.25018
M30,376500,398700,53.48424,-2.35418
M31,372000,391500,53.4193,-2.42136
M32,379500,394900,53.45021,-2.30872
M33,378400,391600,53.4205,-2.32506
M34,392200,395500,53.45594,-2.11748
M35,389900,401200,53.50714,-2.1523
M38,372100,404000,53.53167,-2.42096
M4,384800,398700,53.48455,-2.22909
M40,387400,400800,53.50349,-2.18999
M41,375900,395000,53.45095,-2.36294
M43,390200,398600,53.48378,-2.1477
M44,371700,393900,53.44086,-2.42609
M45,380900,405700,53.54734,-2.28829
M46,367500,403400,53.52601,-2.49031
M5,381100,398100,53.47903,-2.28482
M6,380300,399500,53.49159,-2.29696
M60,384900,398900,53.48635,-2.22759
M7,382700,401000,53.50516,-2.26086
M8,384200,401400,53.5088,-2.23827
M9,385900,402800,53.52143,-2.21269
M90,381600,385200,53.36309,-2.27653
ME1,574000,166700,51.37216,0.50017
ME10,590600,164000,51.34258,0.73697
ME11,591100,171800,51.41247,0.74833
ME12,595000,173100,51.42282,0.80507
ME13,601900,160000,51.30275,0.89675
ME14,577200,156600,51.28043,0.54108
ME15,576800,153700,51.2545,0.53392
ME16,574300,155800,51.27414,0.49915
ME17,582200,151700,51.23484,0.61021
ME18,569100,152300,51.24426,0.42301
ME19,568100,157700,51.29307,0.41123
ME2,572900,168800,51.39136,0.4854
ME20,571400,159100,51.30467,0.45919
ME3,577000,173600,51.43322,0.54668
ME4,576100,167700,51.3805,0.53081
ME5,576400,164200,51.34896,0.53338
ME6,570100,161500,51.32662,0.4417
ME7,577900,167600,51.37904,0.5566
ME8,580900,165700,51.36102,0.5987
ME9,589800,162900,51.33297,0.72491
MK1,487400,234900,52.00522,-0.72659
MK10,489300,238700,52.03908,-0.69792
MK11,479500,240000,52.05226,-0.84048
MK12,481200,240600,52.05741,-0.81555
MK13,483400,240100,52.05258,-0.78359
MK14,484900,240900,52.05955,-0.76152
MK15,487200,240700,52.05739,-0.72802
MK16,487600,244200,52.08879,-0.72129
MK17,489200,233500,51.99235,-0.70074
MK18,470800,231800,51.97972,-0.96904
MK19,478700,242200,52.07215,-0.85164
MK2,487600,233200,51.98991,-0.72411
MK3,485600,233900,51.99651,-0.75306
MK4,483900,234700,52.00397,-0.77762
MK40,504600,250000,52.13797,-0.47145
MK41,506300,251500,52.15113,-0.44614
MK42,504500,248000,52.12002,-0.47352
MK43,498800,247700,52.11837,-0.55684
MK44,507600,256300,52.19402,-0.42563
MK45,505100,237400,52.02462,-0.46803
MK46,489500,251500,52.15411,-0.69165
MK5,483500,236500,52.02021,-0.78301
MK6,486300,237600,52.02967,-0.74193
MK7,489900,236500,52.01921,-0.68976
MK8,482100,238200,52.0357,-0.803
MK9,485100,238800,52.04064,-0.75912
N1,532000,183800,51.53717,-0.09652
N10,528600,190000,51.59368,-0.14325
N11,528900,192200,51.61338,-0.13812
N12,526300,192300,51.61487,-0.17561
N13,531400,192900,51.6191,-0.10176
N14,529500,194500,51.63392,-0.1286
N15,532900,188800,51.5819,-0.08166
N16,533400,186700,51.5629,-0.07525
N17,533600,190600,51.59791,-0.07088
N18,534000,192300,51.61309,-0.06446
N19,529800,186800,51.56464,-0.12712
N2,526900,189500,51.58957,-0.16797
N20,526400,193900,51.62923,-0.17359
N21,531600,194800,51.63612,-0.09816
N22,530900,190700,51.59944,-0.1098
N3,525200,190600,51.59984,-0.1921
N4,531600,187500,51.57052,-0.1009
N5,531900,185600,51.55337,-0.09729
N6,528800,187500,51.57116,-0.14129
N7,530600,185500,51.55277,-0.11607
N8,530500,188900,51.58335,-0.11625
N9,534500,194000,51.62825,-0.05659
NE1,424900,564300,54.97262,-1.61097
NE10,428600,561500,54.94726,-1.55345
NE11,423600,560800,54.94123,-1.63157
NE12,427600,570100,55.0246,-1.56823
NE13,422700,572500,55.04642,-1.64469
NE15,417900,565500,54.9837,-1.72026
NE16,419800,559800,54.9324,-1.69096
NE17,411800,557700,54.91378,-1.81591
NE18,408900,571500,55.03787,-1.86072
NE19,393900,587200,55.17901,-2.0958
NE2,425300,565900,54.98698,-1.60458
NE20,413700,573200,55.05304,-1.78553
NE21,418000,562600,54.95764,-1.71888
NE22,426500,582500,55.1361,-1.58428
NE23,426700,576300,55.08037,-1.58173
NE24,430600,581000,55.12238,-1.52013
NE25,432800,572900,55.04945,-1.48656
NE26,434700,573200,55.05201,-1.45679
NE27,431300,571000,55.03247,-1.51025
NE28,430800,567400,55.00015,-1.51846
NE29,434300,568700,55.0116,-1.46359
NE3,423500,568500,55.01043,-1.6325
NE30,435800,569800,55.02138,-1.44
NE31,431300,564200,54.97136,-1.511
NE32,433100,563800,54.96765,-1.48292
NE33,436600,566400,54.99077,-1.42792
NE34,437100,564300,54.97186,-1.42037
NE35,434600,562100,54.95227,-1.4597
NE36,436000,561300,54.94498,-1.43794
NE37,430400,557700,54.913,-1.52574
NE38,430500,555600,54.89412,-1.52441
NE39,415500,558800,54.92357,-1.75813
NE4,422900,564400,54.97361,-1.64221
NE40,414600,563500,54.96584,-1.77193
NE41,411600,564600,54.9758,-1.81875
NE42,409300,563100,54.96237,-1.85474
NE43,406100,561500,54.94804,-1.90475
NE44,401400,560900,54.94268,-1.97814
NE45,399000,564700,54.97683,-2.01563
NE46,393200,565000,54.97948,-2.10626
NE47,383900,559400,54.92894,-2.25127
NE48,383600,581900,55.13114,-2.25724
NE49,370600,563700,54.96698,-2.45927
NE5,420000,566900,54.99621,-1.68735
NE6,427900,564800,54.97695,-1.56405
NE61,419800,587400,55.18045,-1.68905
NE62,426000,585300,55.16129,-1.59187
NE63,427900,587100,55.17736,-1.56187
NE64,430900,587900,55.18437,-1.51467
NE65,415800,602100,55.3127,-1.75104
NE66,417000,615000,55.42858,-1.73135
NE67,419400,626700,55.53363,-1.6926
NE68,421600,631200,55.57398,-1.65739
NE69,417900,634600,55.60468,-1.71586
NE7,427000,567300,54.99947,-1.57788
NE70,411600,633400,55.59409,-1.81591
NE71,397200,629100,55.55558,-2.04439
NE8,425400,562400,54.95552,-1.60333
NE9,426700,559700,54.93118,-1.58328
NE99,424800,563700,54.96723,-1.61259
NG1,457300,340000,52.954,-1.147
NG10,448300,333900,52.90005,-1.28187
NG11,455600,333900,52.89934,-1.17335
NG12,463600,335300,52.91104,-1.05415
NG13,472500,339500,52.94767,-0.92087
NG14,464600,346900,53.01519,-1.03696
NG15,453400,350100,53.04519,-1.20338
NG16,447400,348000,53.02688,-1.29319
NG17,449500,357900,53.11569,-1.26035
NG18,454600,360400,53.13766,-1.18373
NG19,453700,362800,53.15933,-1.19678
NG2,458400,337900,52.935,-1.131
NG20,454500,368400,53.20958,-1.18386
NG21,459900,360800,53.14069,-1.10443
NG22,468800,365100,53.17826,-0.97046
NG23,480300,358300,53.11553,-0.80012
NG24,480500,353200,53.06966,-0.79841
NG25,470000,353400,53.07294,-0.95506
NG3,458500,341500,52.96735,-1.12887
NG31,491500,336100,52.9142,-0.6391
NG32,490700,340000,52.94939,-0.64991
NG33,495800,325500,52.81819,-0.57829
NG34,508000,344600,52.98753,-0.39096
NG4,461400,341900,52.97062,-1.08561
NG5,457500,344800,52.99713,-1.14317
NG6,454300,344800,52.99746,-1.19085
NG7,455400,340400,52.95779,-1.17521
NG8,452900,341100,52.96434,-1.21231
NG9,451400,336800,52.92583,-1.23533
NN1,476000,261000,52.24154,-0.88682
NN10,495700,266900,52.2915,-0.59668
NN11,456100,260600,52.24033,-1.17833
NN12,468600,248200,52.12744,-0.99778
NN13,458500,237500,52.0324,-1.14715
NN14,489000,279900,52.40948,-0.69145
NN15,488100,277100,52.38446,-0.70542
NN16,487000,279400,52.40531,-0.72098
NN17,489000,290000,52.50026,-0.68876
NN18,487300,287700,52.47986,-0.7144
NN2,475400,263300,52.2623,-0.89509
NN29,491200,263300,52.2599,-0.66362
NN3,478800,263300,52.26182,-0.84528
NN4,475400,258200,52.21645,-0.89623
NN5,473100,261600,52.24732,-0.92916
NN6,472000,269900,52.32208,-0.9435
NN7,473300,257400,52.20954,-0.92714
NN8,488800,268000,52.30254,-0.69754
NN9,495500,271500,52.33288,-0.59831
NR1,624000,308400,52.62671,1.31012
NR10,619100,320400,52.73642,1.24582
NR11,620600,332200,52.84173,1.27596
NR12,634200,323700,52.75971,1.47144
NR13,635000,309700,52.63372,1.47327
NR14,629100,301700,52.56445,1.3807
NR15,621900,294900,52.50639,1.2701
NR16,607900,290900,52.476,1.06162
NR17,603300,295100,52.51544,0.99655
NR18,610800,301600,52.57095,1.11105
NR19,598000,312700,52.67542,0.92907
NR2,622300,308700,52.6301,1.28524
NR20,601300,318300,52.72449,0.98124
NR21,592100,330900,52.84097,0.85257
NR22,592900,336800,52.89366,0.86793
NR23,592100,342900,52.94872,0.85966
NR24,605400,333400,52.85851,1.05135
NR25,607400,340300,52.91969,1.08541
NR26,616100,342400,52.93511,1.21602
NR27,621900,341500,52.92467,1.30157
NR28,629100,330400,52.82203,1.40068
NR29,645900,316800,52.6926,1.63932
NR3,622900,310200,52.64332,1.29511
NR30,652400,308900,52.61874,1.72926
NR31,651400,304100,52.57614,1.71087
NR32,653500,294500,52.48903,1.73448
NR33,652700,290600,52.45441,1.71976
NR34,643600,288300,52.43791,1.58442
NR35,633300,290400,52.46125,1.43463
NR4,621000,306800,52.61357,1.26479
NR5,618800,309700,52.6405,1.23427
NR6,622000,312100,52.66074,1.2831
NR7,625700,311100,52.65063,1.33521
NR8,617100,313800,52.67798,1.21188
NR9,610400,308800,52.63574,1.10973
NW1,528800,183200,51.53252,-0.14286
NW10,521600,183800,51.53951,-0.24641
NW11,525000,188200,51.57831,-0.19584
NW2,523500,185900,51.55797,-0.21829
NW3,526800,185300,51.55184,-0.17093
NW4,523100,189100,51.58682,-0.22294
NW5,528800,185300,51.55139,-0.14209
NW6,525200,184100,51.54142,-0.19442
NW7,522200,192200,51.61488,-0.23484
NW8,526800,183000,51.53117,-0.17175
NW9,520900,189000,51.5864,-0.25472
OL1,393000,405900,53.54944,-2.10566
OL10,385300,410500,53.59064,-2.22211
OL11,388500,412200,53.606,-2.17382
OL12,389100,415500,53.63567,-2.16487
OL13,386600,422700,53.70034,-2.20299
OL14,393500,424200,53.71395,-2.0985
OL15,393400,416400,53.64384,-2.09985
OL16,391300,412900,53.61234,-2.13152
OL2,392800,408400,53.57191,-2.10874
OL3,399400,406300,53.55309,-2.00906
OL4,395200,405100,53.54228,-2.07244
OL5,397500,402300,53.51712,-2.03771
OL6,394300,399700,53.49372,-2.08593
OL7,393000,399300,53.49011,-2.10552
OL8,392300,403300,53.52606,-2.11616
OL9,390600,404800,53.53952,-2.14186
OX1,451100,205400,51.74451,-1.25978
OX10,460500,190300,51.60781,-1.12625
OX11,452200,189300,51.59965,-1.24626
OX12,439800,188600,51.59437,-1.42537
OX13,445100,198000,51.67849,-1.34765
OX14,450100,196800,51.66728,-1.2755
OX15,440700,237300,52.03219,-1.40666
OX16,445200,240700,52.06241,-1.34061
OX17,448700,241900,52.07291,-1.28938
OX18,428200,207200,51.76232,-1.59134
OX2,449900,207600,51.7644,-1.27685
OX20,444200,217800,51.85659,-1.35814
OX25,454200,222800,51.90067,-1.21216
OX26,458400,222900,51.90114,-1.15109
OX27,458600,226900,51.93709,-1.14751
OX28,435400,209800,51.78529,-1.48675
OX29,439200,210800,51.79403,-1.43154
OX3,454200,207300,51.76131,-1.21458
OX33,458900,207000,51.75813,-1.14653
OX39,475100,200800,51.70045,-0.91317
OX4,454200,203800,51.72984,-1.21513
OX44,460100,200600,51.70046,-1.13025
OX49,469200,195100,51.64996,-0.99967
OX5,449600,214800,51.82917,-1.28016
OX6,457300,223700,51.90845,-1.16695
OX7,432500,223800,51.91135,-1.52747
OX8,437600,210300,51.78964,-1.4548
OX9,470300,204900,51.73794,-0.9818
PE1,519300,300300,52.58704,-0.23885
PE10,509500,321200,52.77693,-0.3765
PE11,523600,324900,52.80714,-0.16616
PE12,536800,322600,52.78328,0.0286
PE13,544600,310100,52.66895,0.13868
PE14,549600,306900,52.63884,0.21112
PE15,541500,295200,52.53589,0.08649
PE16,539300,286000,52.45379,0.05022
PE19,518900,261900,52.24203,-0.2584
PE2,517700,297300,52.56043,-0.26352
PE20,527600,338900,52.932,-0.10136
PE21,532800,343800,52.97477,-0.02203
PE22,537100,352100,53.04826,0.0455
PE23,539800,366000,53.17244,0.09181
PE24,551600,365600,53.16561,0.26804
PE25,556200,364300,53.15261,0.33616
PE26,528200,285600,52.45292,-0.1132
PE27,531100,272400,52.33361,-0.07572
PE28,523500,274900,52.35784,-0.18629
PE29,524100,272200,52.33345,-0.17848
PE3,516800,300300,52.58758,-0.27573
PE30,563200,320800,52.75978,0.41884
PE31,572700,334000,52.87538,0.56647
PE32,577400,318000,52.73016,0.62756
PE33,567000,308500,52.64814,0.46886
PE34,558000,316700,52.7245,0.33986
PE35,569200,328300,52.8253,0.51155
PE36,568500,340600,52.936,0.50754
PE37,582200,308600,52.64414,0.69336
PE38,561000,301800,52.58977,0.37698
PE4,517400,303100,52.61262,-0.26589
PE5,512200,299200,52.57867,-0.34398
PE6,518000,307900,52.65562,-0.25531
PE7,522200,295000,52.53877,-0.19801
PE8,505700,293300,52.52694,-0.44176
PE9,502800,307400,52.65422,-0.48012
PL1,246900,54600,50.37074,-4.15317
PL10,242700,51900,50.34537,-4.21106
PL11,240000,55000,50.3725,-4.2503
PL12,240300,60200,50.41932,-4.2483
PL13,224000,53800,50.35715,-4.47456
PL14,225100,65600,50.46351,-4.4646
PL15,230300,84200,50.63218,-4.39987
PL16,239700,85400,50.64562,-4.26757
PL17,236600,71100,50.51625,-4.3051
PL18,242700,70800,50.51523,-4.21899
PL19,247400,75200,50.55602,-4.15454
PL2,246300,56600,50.38856,-4.16242
PL20,251100,69000,50.50125,-4.09986
PL21,263700,55800,50.38566,-3.91748
PL22,211600,59300,50.40273,-4.65146
PL23,212500,51900,50.33653,-4.63513
PL24,207300,54100,50.35461,-4.70925
PL25,202300,52700,50.34038,-4.77872
PL26,199000,53000,50.34196,-4.8252
PL27,196300,73200,50.52248,-4.87408
PL28,189800,74700,50.53366,-4.96651
PL29,199700,80100,50.58564,-4.82988
PL3,248900,56400,50.38744,-4.12578
PL30,206600,70300,50.49992,-4.72743
PL31,206900,66800,50.46858,-4.7214
PL32,211900,84900,50.63282,-4.66015
PL33,206900,83800,50.6213,-4.73021
PL34,206200,88100,50.6597,-4.74234
PL35,210400,90700,50.68444,-4.68431
PL4,248700,55000,50.3748,-4.12803
PL5,246100,59000,50.41008,-4.16621
PL6,249700,59700,50.4173,-4.11586
PL7,254700,56700,50.3916,-4.04436
PL8,256800,50400,50.33548,-4.01243
PL9,251500,52600,50.35394,-4.08773
PO1,464300,100400,50.79903,-1.08749
PO10,475400,106300,50.85074,-0.92878
PO11,472200,99700,50.7918,-0.97553
PO12,460500,100200,50.79764,-1.14144
PO13,457900,101800,50.81229,-1.17808
PO14,455000,104500,50.83685,-1.21884
PO15,455000,107300,50.86203,-1.21842
PO16,459200,106000,50.84993,-1.15895
PO17,458500,110400,50.88957,-1.16819
PO18,483400,107900,50.86403,-0.81478
PO19,486100,105000,50.83756,-0.7771
PO2,465000,102300,50.81603,-1.07722
PO20,485600,98900,50.78278,-0.78563
PO21,491900,99100,50.78362,-0.69622
PO22,495300,100800,50.79835,-0.64756
PO3,466300,102300,50.81589,-1.05877
PO30,448500,88200,50.69085,-1.3133
PO31,449000,95100,50.75286,-1.30531
PO32,450800,94900,50.75091,-1.27982
PO33,458600,91700,50.72139,-1.16976
PO34,462700,91100,50.71557,-1.11178
PO35,464700,87900,50.68657,-1.08401
PO36,459200,84600,50.65748,-1.1624
PO37,458200,81700,50.63151,-1.177
PO38,453700,78600,50.60406,-1.24108
PO39,432600,86900,50.68027,-1.53853
PO4,466100,99400,50.78983,-1.06213
PO40,433900,87100,50.68199,-1.52011
PO41,436900,89100,50.69979,-1.47744
PO5,464500,99200,50.78821,-1.08486
PO6,465600,105600,50.84564,-1.06811
PO7,467700,109700,50.88227,-1.03753
PO8,469400,112900,50.91084,-1.01275
PO9,471600,107600,50.86291,-0.9825
PR1,353800,429300,53.75779,-2.70082
PR2,353400,431500,53.77753,-2.70722
PR25,354300,422200,53.69402,-2.69219
PR26,351100,421500,53.68743,-2.74054
PR3,352900,441600,53.86826,-2.71636
PR4,345100,428900,53.75335,-2.83271
PR5,356700,426300,53.73107,-2.65641
PR6,359700,419200,53.66749,-2.61001
PR7,356900,416700,53.6448,-2.65205
PR8,333200,414900,53.62613,-3.01016
PR9,336000,418600,53.65974,-2.96859
RG1,471600,173300,51.45366,-0.96942
RG10,479000,176400,51.48055,-0.86224
RG12,487000,168300,51.40655,-0.74904
RG14,447200,167000,51.39957,-1.32143
RG17,435600,171400,51.43998,-1.48775
RG18,452700,170800,51.43326,-1.2418
RG19,452800,166400,51.39368,-1.24102
RG2,472700,170300,51.42655,-0.95421
RG20,446200,167400,51.40325,-1.33575
RG21,463500,152300,51.2658,-1.08974
RG22,461300,150500,51.24986,-1.12159
RG23,459600,151700,51.26083,-1.14574
RG24,464800,154000,51.28094,-1.0708
RG25,458500,148000,51.22767,-1.16211
RG26,461400,161600,51.34966,-1.11824
RG27,473800,156200,51.29963,-0.94132
RG28,446500,148500,51.23327,-1.33391
RG29,473600,150400,51.24751,-0.94538
RG30,468600,173000,51.45133,-1.01265
RG31,466600,173500,51.45607,-1.04134
RG4,471600,176300,51.48063,-0.96882
RG40,481100,167400,51.39933,-0.83406
RG41,479500,169200,51.41574,-0.85666
RG42,486600,170600,51.42729,-0.75423
RG45,483500,164700,51.37471,-0.8002
RG5,476000,173200,51.45219,-0.90612
RG6,474300,171700,51.43893,-0.9309
RG7,464200,167000,51.3979,-1.07706
RG8,462100,178900,51.50513,-1.10516
RG9,474700,183400,51.54407,-0.92267
RH1,528700,150300,51.23683,-0.15623
RH10,528900,137000,51.11724,-0.15813
RH11,525600,136200,51.11079,-0.20554
RH12,516800,132100,51.07579,-0.33254
RH13,517400,127800,51.03701,-0.32537
RH14,506400,127000,51.03197,-0.48245
RH15,531100,119200,50.95675,-0.13316
RH16,533500,124300,51.00204,-0.09713
RH17,532200,126400,51.02122,-0.11488
RH18,542200,135100,51.09702,0.03104
RH19,539100,138100,51.12474,-0.01205
RH2,525500,150000,51.23485,-0.20215
RH20,507500,116400,50.93647,-0.4699
RH3,520100,149600,51.23242,-0.2796
RH4,516300,149100,51.22871,-0.33418
RH5,515900,145300,51.19463,-0.34113
RH6,528500,143000,51.17126,-0.1617
RH7,538700,143600,51.17427,-0.01564
RH8,539800,152200,51.2513,0.00344
RH9,534800,150300,51.23543,-0.06889
RM1,551300,189300,51.58175,0.18395
RM10,549700,185100,51.54443,0.15909
RM11,553800,188000,51.56939,0.21944
RM12,553100,186100,51.55251,0.20852
RM13,552300,182900,51.52397,0.19561
RM14,557000,186600,51.55593,0.26496
RM15,558100,181300,51.508,0.27843
RM16,562500,179600,51.49148,0.341
RM17,561800,178200,51.4791,0.33029
RM18,565100,176900,51.46646,0.37716
RM19,556100,178400,51.4825,0.24835
RM2,552600,189500,51.5832,0.20279
RM20,558900,178000,51.47812,0.28847
RM3,554200,191600,51.60163,0.22679
RM4,549500,194900,51.63255,0.16038
RM5,550000,191200,51.59917,0.16602
RM6,547800,188500,51.57549,0.13313
RM7,550400,188500,51.5748,0.17063
RM8,547800,186400,51.55662,0.13225
RM9,548100,184600,51.54036,0.13582
S1,435400,387200,53.3802,-1.46777
S10,432100,386800,53.37681,-1.51742
S11,432900,385100,53.36148,-1.50557
S12,439600,383700,53.34844,-1.40507
S13,441100,385500,53.36451,-1.3823
S14,437100,383400,53.34592,-1.44266
S17,431600,380600,53.32111,-1.52556
S18,435200,378200,53.29931,-1.47178
S2,436800,386000,53.36932,-1.44686
S20,443200,382200,53.33467,-1.35119
S21,444100,379700,53.31213,-1.33802
S25,452300,386100,53.36891,-1.21389
S26,447500,384700,53.35678,-1.28624
S3,435100,388000,53.38741,-1.47219
S32,424100,377600,53.29454,-1.63839
S33,418600,382800,53.3415,-1.72061
S35,433500,395800,53.45763,-1.49542
S36,425700,400800,53.50302,-1.61249
S4,436600,389300,53.399,-1.44949
S40,437000,370900,53.23356,-1.44562
S41,438200,372400,53.24696,-1.42746
S42,438600,367200,53.20019,-1.42209
S43,443900,374700,53.2672,-1.34172
S44,445900,370000,53.22478,-1.31241
S45,438700,363400,53.16602,-1.42106
S5,435800,391800,53.42152,-1.46124
S6,432600,389600,53.40195,-1.50962
S60,443400,391000,53.41376,-1.34698
S61,440300,394300,53.44367,-1.3932
S62,443400,396700,53.465,-1.34619
S63,444500,402600,53.51794,-1.32879
S64,446500,399600,53.4908,-1.29907
S65,445200,393400,53.43518,-1.31955
S66,450400,391800,53.42033,-1.24153
S7,434000,384300,53.35422,-1.48913
S70,434900,405100,53.54114,-1.4733
S71,436000,408700,53.57342,-1.45629
S72,440300,409300,53.57851,-1.39127
S73,440200,403300,53.52458,-1.39355
S74,437200,400600,53.50053,-1.43913
S75,431800,407400,53.56201,-1.51985
S8,434900,382700,53.33978,-1.47578
S80,456700,377600,53.29205,-1.14928
S81,458500,382700,53.3377,-1.12134
S9,438800,389200,53.39794,-1.41641
SE1,532600,179500,51.49838,-0.08949
SE10,538800,177800,51.48162,-0.00089
SE11,531300,178400,51.4888,-0.10862
SE12,540700,173700,51.4443,0.02483
SE13,538300,175200,51.45837,-0.0091
SE14,536000,177000,51.47511,-0.0415
SE15,534400,176600,51.47189,-0.06468
SE16,535200,179300,51.49597,-0.05213
SE17,532400,178300,51.48764,-0.09282
SE18,544000,178200,51.48391,0.07412
SE19,533200,170500,51.41735,-0.08424
SE2,547000,178900,51.48943,0.11759
SE20,535100,169900,51.41151,-0.05716
SE21,533000,172800,51.43807,-0.08626
SE22,534000,174600,51.45401,-0.07119
SE23,535600,173100,51.44015,-0.04875
SE24,532100,174600,51.45446,-0.09853
SE25,533900,168300,51.39742,-0.07501
SE26,535300,171600,51.42674,-0.05364
SE27,532000,171900,51.43022,-0.10097
SE28,546300,180300,51.50219,0.10809
SE3,540300,176400,51.46866,0.02015
SE4,536600,175400,51.46058,-0.03348
SE5,532600,176700,51.47322,-0.09055
SE6,538000,172900,51.43777,-0.01432
SE7,541300,178100,51.48369,0.03521
SE8,536900,177700,51.48118,-0.02828
SE9,542900,173800,51.44465,0.05651
SG1,524200,225200,51.91103,-0.19417
SG10,542700,218300,51.8446,0.07178
SG11,539900,222300,51.88125,0.03278
SG12,536700,214700,51.81375,-0.01669
SG13,533200,211600,51.78673,-0.06863
SG14,531600,213800,51.80688,-0.09098
SG15,519300,236400,52.01276,-0.26149
SG16,516900,236600,52.01507,-0.29638
SG17,514500,238700,52.03445,-0.33063
SG18,518800,244100,52.08208,-0.26609
SG19,520400,250500,52.13925,-0.24049
SG2,526200,223600,51.8962,-0.16569
SG3,525300,219600,51.86046,-0.18022
SG4,519700,226200,51.921,-0.25922
SG5,517700,231300,51.96727,-0.28654
SG6,522200,232700,51.97888,-0.22057
SG7,525300,235500,52.00335,-0.17443
SG8,536200,242500,52.06369,-0.01293
SG9,536900,229400,51.9458,-0.00796
SK1,390000,390100,53.40736,-2.15044
SK10,391400,375700,53.27793,-2.12899
SK11,390500,372200,53.24646,-2.14238
SK12,393900,383900,53.35169,-2.09165
SK13,402400,394600,53.4479,-1.96386
SK14,396400,395000,53.45149,-2.05422
SK15,396900,398900,53.48655,-2.04672
SK16,394600,397500,53.47395,-2.08137
SK17,408100,371900,53.24378,-1.87861
SK2,391200,388700,53.3948,-2.13235
SK22,401000,386200,53.3724,-1.98497
SK23,403400,381200,53.32744,-1.94895
SK3,388700,389100,53.39835,-2.16996
SK4,388100,391400,53.41901,-2.17908
SK5,389900,393100,53.43433,-2.15204
SK6,394700,389900,53.40563,-2.07973
SK7,390600,385900,53.36962,-2.14129
SK8,386200,387000,53.37941,-2.20748
SK9,384700,381200,53.32723,-2.22975
SL0,503100,181700,51.52431,-0.51371
SL1,495800,180800,51.51751,-0.61916
SL2,496900,182600,51.5335,-0.60281
SL3,500500,178900,51.49961,-0.55198
SL4,495500,176100,51.4753,-0.62475
SL5,493100,168200,51.40468,-0.66138
SL6,488400,181200,51.52231,-0.72569
SL7,484800,186900,51.57411,-0.7762
SL8,489600,187400,51.57786,-0.70682
SL9,500100,189700,51.59677,-0.55467
SM1,525900,164600,51.36599,-0.19127
SM2,525600,163100,51.35258,-0.19611
SM3,524400,165000,51.36992,-0.21267
SM4,525300,167500,51.39219,-0.19886
SM5,527600,164800,51.36741,-0.16679
SM6,529300,164000,51.35984,-0.14267
SM7,525400,159800,51.32296,-0.20014
SN1,415700,184300,51.55689,-1.77351
SN10,400900,159700,51.33589,-1.98708
SN11,400100,171200,51.43931,-1.99856
SN12,390500,163700,51.37178,-2.13649
SN13,385400,169500,51.42383,-2.21001
SN14,386500,175200,51.47511,-2.1944
SN15,394500,174900,51.47255,-2.0792
SN16,393800,188300,51.59304,-2.08951
SN2,415100,186800,51.57939,-1.78206
SN25,414100,188100,51.5911,-1.79644
SN26,415000,190300,51.61086,-1.78335
SN3,417800,184800,51.56132,-1.74319
SN4,412500,181400,51.53089,-1.81978
SN5,411300,185200,51.56509,-1.83696
SN6,417900,191400,51.62067,-1.74141
SN7,430200,194600,51.64892,-1.56345
SN8,421900,167700,51.40741,-1.6851
SN9,414900,158400,51.324,-1.78614
SO14,442500,112300,50.90805,-1.39546
SO15,440500,113200,50.91629,-1.42381
SO16,440000,115300,50.93521,-1.43069
SO17,442600,114300,50.92603,-1.3938
SO18,445000,114100,50.92405,-1.35968
SO19,445400,111700,50.90244,-1.35429
SO20,434700,135100,51.11361,-1.50422
SO21,448100,130900,51.07488,-1.31334
SO22,446800,129800,51.06509,-1.33204
SO23,448500,130100,51.06765,-1.30774
SO24,459800,132000,51.08367,-1.14615
SO30,448800,113600,50.91924,-1.30568
SO31,449600,108000,50.86882,-1.29506
SO32,455600,116800,50.9474,-1.20845
SO40,435100,113000,50.91484,-1.50065
SO41,430700,95200,50.75502,-1.56473
SO42,432800,101300,50.80976,-1.53442
SO43,429300,109900,50.88729,-1.58341
SO45,442700,105600,50.84778,-1.3934
SO50,446400,119100,50.9689,-1.33912
SO51,434800,121800,50.994,-1.50407
SO52,439300,119900,50.97663,-1.44015
SO53,443500,120800,50.98442,-1.38022
SP1,414800,130600,51.074,-1.78873
SP10,436100,145900,51.21065,-1.48314
SP11,434000,147700,51.22696,-1.51303
SP2,412300,130600,51.07406,-1.82441
SP3,399600,133600,51.10117,-2.00571
SP4,416500,140700,51.16479,-1.764
SP5,416000,124900,51.02271,-1.77185
SP6,414000,115200,50.93553,-1.80074
SP7,387200,122800,51.0039,-2.18245
SP8,379700,126500,51.03696,-2.28956
SP9,423700,148000,51.23018,-1.66053
SR1,439800,557100,54.90695,-1.37919
SR2,440000,554900,54.88716,-1.37638
SR3,437500,553800,54.87747,-1.41549
SR4,436900,556400,54.90088,-1.42451
SR5,436900,558900,54.92334,-1.42419
SR6,439800,560200,54.9348,-1.37876
SR7,441000,548600,54.83046,-1.36168
SR8,442800,541500,54.7665,-1.33471
SR9,440100,556600,54.90243,-1.37458
SS0,586600,186500,51.54602,0.69146
SS1,589500,185600,51.53697,0.73275
SS11,575700,193800,51.6151,0.53807
SS12,574600,192700,51.60556,0.52164
SS13,573900,189200,51.57433,0.50981
SS14,571500,189200,51.57507,0.47521
SS15,568500,189300,51.57687,0.432
SS16,570100,187700,51.56201,0.4543
SS17,569300,183100,51.52093,0.44055
SS2,588400,187000,51.54991,0.71766
SS3,593600,186400,51.54276,0.79224
SS4,588000,191900,51.59406,0.71452
SS5,583500,193200,51.60722,0.6503
SS6,580700,190900,51.58746,0.60872
SS7,578800,188000,51.56202,0.57984
SS8,579700,183600,51.5222,0.59057
SS9,583900,187300,51.55409,0.65298
ST1,388500,347700,53.02616,-2.17148
ST10,402500,343600,52.98942,-1.96275
ST11,395600,341100,52.96693,-2.06552
ST12,388500,339000,52.94795,-2.17117
ST13,398800,356000,53.1009,-2.01793
ST14,408900,334000,52.90304,-1.86767
ST15,390100,333700,52.90033,-2.14719
ST16,392000,324000,52.81315,-2.11871
ST17,393300,321300,52.7889,-2.09936
ST18,394500,324100,52.81408,-2.08161
ST19,390100,312800,52.71243,-2.14656
ST2,390900,347800,53.02711,-2.1357
ST20,382300,322400,52.79854,-2.26255
ST21,382600,330100,52.86777,-2.25851
ST3,391800,342600,52.98037,-2.12214
ST4,387700,344200,52.99468,-2.18328
ST5,384100,346500,53.01526,-2.23703
ST6,387300,351200,53.0576,-2.18951
ST7,382200,354600,53.08802,-2.2658
ST8,388800,357600,53.11517,-2.16735
ST9,393400,350400,53.05052,-2.09847
SW1,529200,179100,51.49558,-0.1386
SW10,526300,177700,51.48365,-0.18086
SW11,527500,175800,51.4663,-0.16427
SW12,528700,173500,51.44536,-0.14784
SW13,521900,176600,51.47473,-0.24458
SW14,520500,175500,51.46514,-0.26511
SW15,523300,174700,51.45734,-0.22509
SW16,530200,170900,51.42165,-0.12722
SW17,527700,171800,51.4303,-0.16283
SW18,525800,173900,51.4496,-0.18941
SW19,524900,170900,51.42284,-0.20341
SW1A,529700,179900,51.50265,-0.13111
SW1E,529200,179300,51.49737,-0.13853
SW1H,529600,179400,51.49818,-0.13273
SW1P,529600,179100,51.49548,-0.13284
SW1V,529300,178500,51.49016,-0.13738
SW1W,528600,178800,51.49302,-0.14735
SW1X,528200,179300,51.4976,-0.15293
SW1Y,529500,180200,51.50539,-0.13388
SW2,530700,174000,51.44939,-0.11889
SW20,523400,169500,51.41058,-0.22547
SW3,527400,178400,51.48969,-0.16477
SW4,529500,175200,51.46045,-0.13571
SW5,525800,178400,51.49005,-0.18781
SW6,525000,176900,51.47675,-0.19986
SW7,526700,179100,51.49614,-0.1746
SW8,529800,176900,51.47566,-0.13077
SW9,531100,176200,51.46907,-0.11232
SY1,350000,314200,52.7228,-2.74039
SY10,324500,327100,52.83579,-3.12089
SY11,330800,330400,52.8663,-3.02808
SY12,339900,334400,52.90335,-2.89364
SY13,353700,339600,52.95147,-2.68921
SY14,348900,348300,53.02924,-2.76203
SY3,348000,311600,52.69923,-2.76959
SY4,349400,322300,52.79556,-2.75052
SY5,344000,306500,52.65299,-2.82791
SY6,346400,293800,52.53906,-2.79038
SY7,339700,281200,52.42508,-2.88688
SY8,352700,274400,52.36523,-2.69474
SY9,333100,289400,52.49803,-2.98558
TA1,322700,124300,51.01234,-3.10203
TA10,342200,126300,51.03262,-2.82438
TA11,350800,129300,51.06039,-2.70214
TA12,345800,119800,50.97452,-2.77207
TA13,343100,116700,50.94638,-2.81004
TA14,347300,116600,50.94588,-2.75024
TA15,349600,117100,50.95058,-2.71757
TA16,344300,112300,50.90693,-2.79229
TA17,341300,112400,50.90753,-2.83497
TA18,344700,109600,50.88269,-2.78619
TA19,335800,115400,50.93392,-2.91373
TA2,322800,126600,51.03303,-3.10109
TA20,332400,108700,50.87329,-2.96087
TA21,312600,120500,50.97673,-3.24507
TA22,291700,128500,51.0451,-3.54509
TA23,305500,141200,51.16171,-3.3516
TA24,294500,143600,51.18137,-3.50957
TA3,327100,122200,50.99403,-3.03889
TA4,311200,131000,51.07092,-3.26758
TA5,322800,139200,51.14633,-3.10379
TA6,330100,136700,51.12479,-2.99895
TA7,336200,137200,51.12999,-2.91187
TA8,330700,150000,51.24445,-2.99294
TA9,333300,147900,51.22588,-2.9553
TD15,399200,650400,55.74699,-2.01275
TF1,366000,311800,52.70246,-2.50323
TF10,374000,319200,52.76943,-2.38541
TF11,375700,307300,52.66253,-2.35933
TF12,367500,301700,52.61175,-2.48003
TF13,360600,298000,52.57803,-2.5815
TF2,370300,311500,52.70002,-2.43956
TF3,370000,307500,52.66404,-2.44363
TF4,368400,307200,52.66125,-2.46726
TF5,363800,313200,52.7149,-2.53594
TF6,362600,315500,52.7355,-2.55397
TF7,369600,304300,52.63525,-2.44925
TF8,367600,303700,52.62974,-2.47875
TF9,368500,333500,52.8977,-2.46832
TN1,558800,139800,51.1349,0.27002
TN10,559700,148200,51.21013,0.28661
TN11,558500,147700,51.20597,0.26922
TN12,570600,144300,51.17194,0.44067
TN13,552400,155300,51.27593,0.18519
TN14,550700,157400,51.29525,0.16172
TN15,558200,158100,51.29951,0.26953
TN16,543100,157000,51.29362,0.05262
TN17,577700,136100,51.0961,0.5381
TN18,577100,130200,51.04328,0.52665
TN19,568900,125400,51.00262,0.40754
TN2,560000,140100,51.13726,0.28729
TN20,558200,127700,51.02633,0.25615
TN21,559000,120200,50.95871,0.26427
TN22,547400,122300,50.98067,0.10005
TN23,600100,141700,51.13902,0.86075
TN24,601900,142900,51.14917,0.88712
TN25,605600,142500,51.14426,0.93972
TN26,596400,137200,51.09988,0.80547
TN27,589200,144200,51.16519,0.70642
TN28,607200,124500,50.98202,0.95226
TN29,605900,125700,50.99327,0.93444
TN3,557600,138400,51.12265,0.25227
TN30,589000,132700,51.06195,0.69753
TN31,588700,121600,50.96233,0.68748
TN32,574800,123000,50.9793,0.4904
TN33,574100,115300,50.91032,0.47676
TN34,581800,110400,50.86393,0.58374
TN35,583800,112300,50.88036,0.61309
TN36,589900,117000,50.92061,0.70216
TN37,580000,111200,50.87168,0.55858
TN38,579100,110200,50.86297,0.54531
TN39,572800,108100,50.84602,0.45488
TN4,558000,141000,51.1459,0.25912
TN40,574900,108000,50.84449,0.48463
TN5,565500,132200,51.06471,0.36223
TN6,552400,130400,51.05216,0.17464
TN7,547700,134700,51.09204,0.10938
TN8,545300,146000,51.1942,0.07969
TN9,559100,146000,51.19053,0.27705
TQ1,292000,64700,50.47156,-3.52209
TQ10,270800,59900,50.42412,-3.81906
TQ11,273600,66200,50.48137,-3.78179
TQ12,285800,71200,50.52882,-3.61142
TQ13,278400,78500,50.59296,-3.71817
TQ14,293300,73400,50.55002,-3.50626
TQ2,290500,65000,50.47398,-3.54331
TQ3,288200,61600,50.44298,-3.57469
TQ4,288500,59400,50.42326,-3.56982
TQ5,291800,55800,50.39151,-3.52234
TQ6,287000,50900,50.34655,-3.58837
TQ7,273000,44100,50.28256,-3.78278
TQ8,273700,39000,50.23686,-3.77125
TQ9,280000,58800,50.41619,-3.68924
TR1,182400,44800,50.26241,-5.05347
TR10,177400,34300,50.16624,-5.11736
TR11,179500,32300,50.14907,-5.08684
TR12,172400,20800,50.0431,-5.17923
TR13,165200,28500,50.10945,-5.28435
TR14,164800,39700,50.20987,-5.29686
TR15,169200,42000,50.23225,-5.23669
TR16,170400,42000,50.23272,-5.21988
TR17,152200,30800,50.12482,-5.46735
TR18,146900,30100,50.1163,-5.54089
TR19,140600,28600,50.10012,-5.62783
TR2,189600,43500,50.25334,-4.95186
TR20,150700,31600,50.13138,-5.48882
TR21,94600,12000,49.92936,-6.25622
TR22,88100,8200,49.89192,-6.34346
TR23,87900,15000,49.95281,-6.35174
TR24,89200,15200,49.95528,-6.33383
TR25,92200,16000,49.96401,-6.29276
TR26,151800,39500,50.20276,-5.4786
TR27,157100,36900,50.18162,-5.4028
TR3,178200,39900,50.21684,-5.10944
TR4,176600,47400,50.28359,-5.13626
TR5,172800,50300,50.30819,-5.19127
TR6,175800,53900,50.34167,-5.15134
TR7,181700,61600,50.41304,-5.073
TR8,184200,59900,50.39869,-5.03689
TR9,191400,61300,50.41387,-4.93648
TS1,449300,519900,54.57179,-1.23733
TS10,460200,523900,54.60656,-1.06791
TS11,463000,521800,54.58734,-1.02501
TS12,466900,519100,54.56258,-0.96528
TS13,474100,517800,54.54989,-0.85427
TS14,460800,515600,54.53189,-1.06034
TS15,443400,510900,54.49144,-1.32992
TS16,441900,514500,54.52393,-1.35257
TS17,445100,516000,54.53713,-1.30289
TS18,443800,518800,54.56241,-1.32257
TS19,442400,520500,54.57781,-1.34398
TS2,449400,521300,54.58436,-1.23555
TS20,444400,521400,54.58572,-1.3129
TS21,437100,525900,54.62676,-1.42529
TS22,444300,525000,54.61809,-1.3139
TS23,446200,523900,54.60803,-1.28465
TS24,450900,533800,54.69655,-1.21016
TS25,450100,530100,54.66338,-1.22321
TS26,449700,532800,54.68768,-1.22895
TS27,445900,536700,54.72309,-1.28728
TS28,440400,536900,54.72536,-1.37265
TS29,437400,535200,54.71032,-1.41945
TS3,452000,518700,54.56073,-1.19578
TS4,450300,518100,54.55551,-1.22217
TS5,448500,517600,54.5512,-1.25008
TS6,454800,519300,54.56583,-1.15236
TS7,452800,515700,54.53369,-1.18394
TS8,449800,514300,54.52141,-1.23054
TS9,454200,508200,54.46614,-1.16368
TW1,516400,173700,51.44982,-0.3247
TW10,518000,173700,51.44949,-0.30168
TW11,516000,171100,51.42653,-0.33131
TW12,513400,170500,51.42166,-0.36888
TW13,511200,172300,51.43828,-0.39995
TW14,509900,173800,51.45202,-0.41818
TW15,507400,171300,51.43002,-0.45491
TW16,510200,169700,51.4151,-0.41514
TW17,508100,167700,51.39753,-0.44594
TW18,503800,171000,51.428,-0.50677
TW19,504100,173700,51.45221,-0.50166
TW2,514700,173300,51.44657,-0.34929
TW20,500800,170800,51.42674,-0.54997
TW3,513800,175600,51.46742,-0.36149
TW4,512300,175400,51.46593,-0.38314
TW5,512400,177000,51.48029,-0.3812
TW6,507900,175700,51.46948,-0.44638
TW7,515800,176300,51.47331,-0.33248
TW8,517600,177700,51.48552,-0.30611
TW9,518500,175700,51.46736,-0.29382
UB1,512900,180800,51.51435,-0.37278
UB10,507300,184400,51.5478,-0.45236
UB11,507000,181200,51.51909,-0.45766
UB2,512500,179100,51.49915,-0.37909
UB3,509500,179700,51.50513,-0.42211
UB4,510500,181800,51.52381,-0.40704
UB5,512700,184000,51.54315,-0.37464
UB6,514900,183600,51.53911,-0.34306
UB7,506200,179700,51.50576,-0.46964
UB8,505900,182900,51.53458,-0.473
UB9,504600,188100,51.58157,-0.49019
W1,528900,181200,51.51452,-0.14215
W10,523900,181800,51.52103,-0.21397
W11,524600,180800,51.51189,-0.20424
W12,522900,180300,51.50777,-0.2289
W13,516600,180700,51.5127,-0.31951
W14,524300,178900,51.49488,-0.20923
W1B,529100,181100,51.51357,-0.13931
W1C,528500,181100,51.51371,-0.14795
W1D,529700,181100,51.51344,-0.13066
W1F,529400,181000,51.51261,-0.13502
W1G,528600,181600,51.51818,-0.14633
W1H,527700,181400,51.51659,-0.15936
W1J,528800,180400,51.50735,-0.14388
W1K,528400,180800,51.51104,-0.1495
W1M,528400,181600,51.51823,-0.14921
W1S,529000,180800,51.5109,-0.14086
W1T,529400,181800,51.5198,-0.13473
W1U,528200,181600,51.51827,-0.15209
W1W,529100,181700,51.51897,-0.13909
W2,526400,181200,51.51508,-0.17816
W3,520200,180400,51.50925,-0.26775
W4,520600,178400,51.49118,-0.26268
W5,517900,180700,51.51243,-0.30078
W6,523000,178600,51.49246,-0.22805
W7,515600,180500,51.5111,-0.33398
W8,525400,179500,51.50003,-0.19317
W9,525500,182400,51.52607,-0.1907
WA1,362200,388800,53.39442,-2.5685
WA10,349900,395500,53.45362,-2.75454
WA11,352300,398100,53.47721,-2.71879
WA12,358100,395400,53.45343,-2.63104
WA13,368800,387400,53.38226,-2.46911
WA14,376200,387800,53.38624,-2.35788
WA15,378400,387500,53.38364,-2.32478
WA16,375300,378500,53.3026,-2.37068
WA2,361400,390600,53.41054,-2.58075
WA3,363600,395400,53.45384,-2.54821
WA4,361800,385500,53.36472,-2.57412
WA5,357700,389300,53.39857,-2.63624
WA6,351800,375300,53.27222,-2.72285
WA7,353200,381700,53.32987,-2.7028
WA8,350700,386400,53.37189,-2.74107
WA9,352300,393600,53.43676,-2.71811
WC1,530300,182000,51.52139,-0.12169
WC1A,530100,181500,51.51694,-0.12475
WC1B,530000,181700,51.51876,-0.12612
WC1E,529600,181900,51.52065,-0.13181
WC1H,530000,182300,51.52415,-0.1259
WC1N,530400,182000,51.52136,-0.12025
WC1R,530700,181700,51.5186,-0.11604
WC1V,530500,181500,51.51685,-0.11899
WC1X,530700,182400,51.52489,-0.11578
WC2,530200,181100,51.51332,-0.12346
WC2A,530800,181400,51.51588,-0.11471
WC2B,530300,181300,51.5151,-0.12195
WC2E,530200,181000,51.51242,-0.1235
WC2H,529900,181100,51.51339,-0.12778
WC2N,530100,180700,51.50975,-0.12505
WC2R,530500,180900,51.51145,-0.11921
WD1,510700,195500,51.64692,-0.39984
WD17,510300,197100,51.66138,-0.40512
WD18,509700,195600,51.64801,-0.41426
WD19,511400,193800,51.6315,-0.39027
WD2,512200,197800,51.6673,-0.37743
WD23,513100,195400,51.64554,-0.3652
WD24,510800,198100,51.67027,-0.39757
WD25,511400,199600,51.68363,-0.38842
WD3,505100,195200,51.6453,-0.48085
WD4,506700,202300,51.70882,-0.45556
WD5,509400,201900,51.7047,-0.41662
WD6,519300,196800,51.65684,-0.27514
WD7,516900,200000,51.68611,-0.30876
WF1,433600,421300,53.68684,-1.49117
WF10,443300,425500,53.72388,-1.3437
WF11,449100,424100,53.71078,-1.25602
WF12,425100,420900,53.68373,-1.61992
WF13,423400,421900,53.69279,-1.64559
WF14,420300,420500,53.68034,-1.69263
WF15,419900,423600,53.70822,-1.69849
WF16,421900,423800,53.70994,-1.66817
WF17,423700,424800,53.71885,-1.64082
WF2,432300,419700,53.67254,-1.51102
WF3,431400,425300,53.72294,-1.52408
WF4,431800,416900,53.64741,-1.51888
WF5,428000,420500,53.67998,-1.57605
WF6,438700,422800,53.69997,-1.41375
WF7,442900,419100,53.66639,-1.35065
WF8,446300,421200,53.68497,-1.29887
WF9,445000,412400,53.60599,-1.31983
WN1,358500,406600,53.55414,-2.6265
WN2,361400,404600,53.53639,-2.58248
WN3,357300,403800,53.52888,-2.64423
WN4,357400,400000,53.49473,-2.64221
WN5,354600,404100,53.53135,-2.68501
WN6,355700,408800,53.57369,-2.66908
WN7,365700,400300,53.49803,-2.51712
WN8,349100,406500,53.55242,-2.76838
WR1,385200,255500,52.19713,-2.21656
WR10,395600,246300,52.11459,-2.06426
WR11,404900,244100,52.09481,-1.92847
WR12,408700,238300,52.04261,-1.87314
WR13,376600,244100,52.09433,-2.34161
WR14,378200,246200,52.11328,-2.31839
WR15,361300,267600,52.30476,-2.56764
WR2,383500,254700,52.18989,-2.24139
WR3,385600,257600,52.21603,-2.21079
WR4,387400,256300,52.20438,-2.1844
WR5,386400,253300,52.17738,-2.19891
WR6,374700,258900,52.22732,-2.37045
WR7,396400,255400,52.19642,-2.05268
WR8,386100,242700,52.08207,-2.20287
WR9,389300,263400,52.26826,-2.15682
WS1,401500,298000,52.57945,-1.97786
WS10,398600,295900,52.56057,-2.02065
WS11,398800,310200,52.68914,-2.01776
WS12,400100,312100,52.70623,-1.99852
WS13,412300,310500,52.6917,-1.818
WS14,412600,307300,52.66292,-1.81368
WS15,405600,317900,52.75834,-1.91701
WS2,399900,299000,52.58845,-2.00148
WS3,400700,302300,52.61812,-1.98966
WS4,402800,300900,52.60552,-1.95865
WS5,402800,296700,52.56776,-1.95869
WS6,398500,306700,52.65767,-2.02218
WS7,405900,309200,52.68012,-1.91272
WS8,404500,305400,52.64597,-1.93348
WS9,405600,301300,52.6091,-1.91729
WV1,392200,298700,52.58569,-2.11514
WV10,392400,302200,52.61716,-2.11227
WV11,395200,301400,52.61,-2.07089
WV12,397300,300900,52.60552,-2.03987
WV13,395900,298600,52.58484,-2.06052
WV14,394700,295500,52.55695,-2.07818
WV15,374600,291000,52.51593,-2.37435
WV16,370100,290500,52.5112,-2.44062
WV2,392000,297400,52.574,-2.11806
WV3,389800,298000,52.57936,-2.15054
WV4,390400,296100,52.56229,-2.14163
WV5,385800,292900,52.53342,-2.20936
WV6,387700,299800,52.5955,-2.18161
WV7,381700,304000,52.63309,-2.27043
WV8,387600,302900,52.62337,-2.1832
WV9,390500,304000,52.63332,-2.14039
YO1,460300,451800,53.95857,-1.0809
YO10,461800,450900,53.95031,-1.05822
YO11,504500,486700,54.26511,-0.39535
YO12,502700,487600,54.27356,-0.42267
YO13,497900,489100,54.28798,-0.49587
YO14,511100,479500,54.19903,-0.29672
YO15,519200,468000,54.0939,-0.17715
YO16,517700,468100,54.09514,-0.20004
YO17,481400,471900,54.13631,-0.75397
YO18,480300,485500,54.2587,-0.76717
YO19,464300,446500,53.91046,-1.02105
YO21,483500,509800,54.47654,-0.71123
YO22,489400,507000,54.45038,-0.62104
YO23,457700,448100,53.92562,-1.12122
YO24,458100,450400,53.94624,-1.11469
YO25,504000,457700,54.00465,-0.41302
YO26,454300,453500,53.97452,-1.17204
YO30,458100,454800,53.98579,-1.11385
YO31,461400,453000,53.96923,-1.06389
YO32,461700,457700,54.01143,-1.05837
YO41,472000,453200,53.96966,-0.90227
YO42,479400,448100,53.92274,-0.7908
YO43,486200,440100,53.84976,-0.68952
YO51,440800,465300,54.08182,-1.37628
YO60,469300,465700,54.08237,-0.94057
YO61,452700,469200,54.11579,-1.1937
YO62,465600,483500,54.24282,-0.99325
YO7,442400,481100,54.2237,-1.3496
YO8,462100,432100,53.7813,-1.05745
,,,,
